ID,Subject,Deal ID,Type,Due date,Created
1,Follow-up 1,2,Meeting,2026-02-02,2026-01-02
2,Follow-up 2,3,Task,2026-02-03,2026-01-03
3,Follow-up 3,4,Call,2026-02-04,2026-01-04
4,Follow-up 4,5,Meeting,2026-02-05,2026-01-05
5,Follow-up 5,6,Task,2026-02-06,2026-01-06
6,Follow-up 6,7,Call,2026-02-07,2026-01-07
7,Follow-up 7,8,Meeting,2026-02-08,2026-01-08
8,Follow-up 8,9,Task,2026-02-09,2026-01-09
9,Follow-up 9,10,Call,2026-02-10,2026-01-10
10,Follow-up 10,11,Meeting,2026-02-11,2026-01-11
11,Follow-up 11,12,Task,2026-02-12,2026-01-12
12,Follow-up 12,13,Fax,2026-02-13,2026-01-13
13,Follow-up 13,14,Meeting,2026-02-14,2026-01-14
14,Follow-up 14,15,Task,2026-02-15,2026-01-15
15,Follow-up 15,16,Call,2026-02-16,2026-01-16
16,Follow-up 16,17,Meeting,2026-02-17,2026-01-17
17,Follow-up 17,18,Task,2026-02-18,2026-01-18
18,Follow-up 18,19,Call,2026-02-19,2026-01-19
19,Follow-up 19,20,Meeting,2026-02-20,2026-01-20
20,Follow-up 20,21,Task,2026-02-21,2026-01-21
21,Follow-up 21,22,Call,2026-02-22,2026-01-22
22,Follow-up 22,23,Meeting,2026-02-23,2026-01-23
23,Follow-up 23,24,Task,2026-02-24,2026-01-24
24,Follow-up 24,25,Call,2026-02-25,2026-01-25
25,Follow-up 25,26,Meeting,2026-02-26,2026-01-26
26,Follow-up 26,27,Task,2026-02-27,2026-01-27
27,Follow-up 27,28,Call,2026-02-01,2026-01-28
28,Follow-up 28,29,Meeting,2026-02-02,2026-01-01
29,Follow-up 29,30,Task,2026-02-03,2026-01-02
30,Follow-up 30,31,Call,2026-02-04,2026-01-03
31,Follow-up 31,32,Meeting,2026-02-05,2026-01-04
32,Follow-up 32,33,Task,2026-02-06,2026-01-05
33,Follow-up 33,34,Call,2026-02-07,2026-01-06
34,Follow-up 34,35,Meeting,2026-02-08,2026-01-07
35,Follow-up 35,36,Task,2026-02-09,2026-01-08
36,Follow-up 36,37,Call,2026-02-10,2026-01-09
37,Follow-up 37,38,Meeting,2026-02-11,2026-01-10
38,Follow-up 38,39,Task,2026-02-12,2026-01-11
39,Follow-up 39,40,Call,2026-02-13,2026-01-12
40,Follow-up 40,41,Meeting,2026-02-14,2026-01-13
41,Follow-up 41,42,Task,2026-02-15,2026-01-14
42,Follow-up 42,43,Call,2026-02-16,2026-01-15
43,Follow-up 43,44,Meeting,2026-02-17,2026-01-16
44,Follow-up 44,45,Task,2026-02-18,2026-01-17
45,Follow-up 45,46,Call,2026-02-19,2026-01-18
46,Follow-up 46,47,Meeting,2026-02-20,2026-01-19
47,Follow-up 47,48,Task,2026-02-21,2026-01-20
48,Follow-up 48,49,Call,2026-02-22,2026-01-21
49,Follow-up 49,50,Meeting,2026-02-23,2026-01-22
50,Follow-up 50,51,Task,2026-02-24,2026-01-23
51,Follow-up 51,52,Call,2026-02-25,2026-01-24
52,Follow-up 52,53,Meeting,2026-02-26,2026-01-25
53,Follow-up 53,54,Task,2026-02-27,2026-01-26
54,Follow-up 54,55,Call,2026-02-01,2026-01-27
55,Follow-up 55,56,Meeting,2026-02-02,2026-01-28
56,Follow-up 56,57,Fax,2026-02-03,2026-01-01
57,Follow-up 57,58,Call,2026-02-04,2026-01-02
58,Follow-up 58,59,Meeting,2026-02-05,2026-01-03
59,Follow-up 59,60,Task,2026-02-06,2026-01-04
60,Follow-up 60,61,Call,2026-02-07,2026-01-05
61,Follow-up 61,62,Meeting,2026-02-08,2026-01-06
62,Follow-up 62,63,Task,2026-02-09,2026-01-07
63,Follow-up 63,64,Call,2026-02-10,2026-01-08
64,Follow-up 64,65,Meeting,2026-02-11,2026-01-09
65,Follow-up 65,66,Task,2026-02-12,2026-01-10
66,Follow-up 66,67,Call,2026-02-13,2026-01-11
67,Follow-up 67,68,Meeting,2026-02-14,2026-01-12
68,Follow-up 68,69,Task,2026-02-15,2026-01-13
69,Follow-up 69,70,Call,2026-02-16,2026-01-14
70,Follow-up 70,71,Meeting,2026-02-17,2026-01-15
71,Follow-up 71,72,Task,2026-02-18,2026-01-16
72,Follow-up 72,73,Call,2026-02-19,2026-01-17
73,Follow-up 73,74,Meeting,2026-02-20,2026-01-18
74,Follow-up 74,75,Task,2026-02-21,2026-01-19
75,Follow-up 75,76,Call,2026-02-22,2026-01-20
76,Follow-up 76,77,Meeting,2026-02-23,2026-01-21
77,Follow-up 77,78,Task,2026-02-24,2026-01-22
78,Follow-up 78,79,Call,2026-02-25,2026-01-23
79,Follow-up 79,80,Meeting,2026-02-26,2026-01-24
80,Follow-up 80,81,Task,2026-02-27,2026-01-25
81,Follow-up 81,82,Call,2026-02-01,2026-01-26
82,Follow-up 82,83,Meeting,2026-02-02,2026-01-27
83,Follow-up 83,84,Task,2026-02-03,2026-01-28
84,Follow-up 84,85,Call,2026-02-04,2026-01-01
85,Follow-up 85,86,Meeting,2026-02-05,2026-01-02
86,Follow-up 86,87,Task,2026-02-06,2026-01-03
87,Follow-up 87,88,Call,2026-02-07,2026-01-04
88,Follow-up 88,89,Meeting,2026-02-08,2026-01-05
89,Follow-up 89,90,Task,2026-02-09,2026-01-06
90,Follow-up 90,91,Call,2026-02-10,2026-01-07
91,Follow-up 91,92,Meeting,2026-02-11,2026-01-08
92,Follow-up 92,93,Task,2026-02-12,2026-01-09
93,Follow-up 93,94,Call,2026-02-13,2026-01-10
94,Follow-up 94,95,Meeting,2026-02-14,2026-01-11
95,Follow-up 95,96,Task,2026-02-15,2026-01-12
96,Follow-up 96,97,Call,2026-02-16,2026-01-13
97,Follow-up 97,98,Meeting,2026-02-17,2026-01-14
98,Follow-up 98,99,Task,2026-02-18,2026-01-15
99,Follow-up 99,100,Call,2026-02-19,2026-01-16
100,Follow-up 100,101,Meeting,2026-02-20,2026-01-17
101,Follow-up 101,102,Task,2026-02-21,2026-01-18
102,Follow-up 102,103,Call,2026-02-22,2026-01-19
103,Follow-up 103,104,Meeting,2026-02-23,2026-01-20
104,Follow-up 104,105,Task,2026-02-24,2026-01-21
105,Follow-up 105,106,Call,2026-02-25,2026-01-22
106,Follow-up 106,107,Meeting,2026-02-26,2026-01-23
107,Follow-up 107,108,Task,2026-02-27,2026-01-24
108,Follow-up 108,109,Call,2026-02-01,2026-01-25
109,Follow-up 109,110,Meeting,2026-02-02,2026-01-26
110,Follow-up 110,111,Task,2026-02-03,2026-01-27
111,Follow-up 111,112,Call,2026-02-04,2026-01-28
112,Follow-up 112,113,Meeting,2026-02-05,2026-01-01
113,Follow-up 113,114,Task,2026-02-06,2026-01-02
114,Follow-up 114,115,Call,2026-02-07,2026-01-03
115,Follow-up 115,116,Meeting,2026-02-08,2026-01-04
116,Follow-up 116,117,Task,2026-02-09,2026-01-05
117,Follow-up 117,118,Call,2026-02-10,2026-01-06
118,Follow-up 118,119,Meeting,2026-02-11,2026-01-07
119,Follow-up 119,120,Task,2026-02-12,2026-01-08
120,Follow-up 120,121,Call,2026-02-13,2026-01-09
121,Follow-up 121,122,Meeting,2026-02-14,2026-01-10
122,Follow-up 122,123,Task,2026-02-15,2026-01-11
123,Follow-up 123,124,Call,2026-02-16,2026-01-12
124,Follow-up 124,125,Meeting,2026-02-17,2026-01-13
125,Follow-up 125,126,Task,2026-02-18,2026-01-14
126,Follow-up 126,127,Call,2026-02-19,2026-01-15
127,Follow-up 127,128,Meeting,2026-02-20,2026-01-16
128,Follow-up 128,129,Task,2026-02-21,2026-01-17
129,Follow-up 129,130,Call,2026-02-22,2026-01-18
130,Follow-up 130,131,Meeting,2026-02-23,2026-01-19
131,Follow-up 131,132,Task,2026-02-24,2026-01-20
132,Follow-up 132,133,Call,2026-02-25,2026-01-21
133,Follow-up 133,134,Meeting,2026-02-26,2026-01-22
134,Follow-up 134,135,Task,2026-02-27,2026-01-23
135,Follow-up 135,136,Call,2026-02-01,2026-01-24
136,Follow-up 136,137,Meeting,2026-02-02,2026-01-25
137,Follow-up 137,138,Task,2026-02-03,2026-01-26
138,Follow-up 138,139,Call,2026-02-04,2026-01-27
139,Follow-up 139,140,Meeting,2026-02-05,2026-01-28
140,Follow-up 140,141,Task,2026-02-06,2026-01-01
141,Follow-up 141,142,Call,2026-02-07,2026-01-02
142,Follow-up 142,143,Meeting,2026-02-08,2026-01-03
143,Follow-up 143,144,Task,2026-02-09,2026-01-04
144,Follow-up 144,145,Call,2026-02-10,2026-01-05
145,Follow-up 145,146,Meeting,2026-02-11,2026-01-06
146,Follow-up 146,147,Task,2026-02-12,2026-01-07
147,Follow-up 147,148,Call,2026-02-13,2026-01-08
148,Follow-up 148,149,Meeting,2026-02-14,2026-01-09
149,Follow-up 149,150,Task,2026-02-15,2026-01-10
150,Follow-up 150,151,Call,2026-02-16,2026-01-11
151,Follow-up 151,152,Fax,2026-02-17,2026-01-12
152,Follow-up 152,153,Task,2026-02-18,2026-01-13
153,Follow-up 153,154,Call,2026-02-19,2026-01-14
154,Follow-up 154,155,Meeting,2026-02-20,2026-01-15
155,Follow-up 155,156,Task,2026-02-21,2026-01-16
156,Follow-up 156,157,Call,2026-02-22,2026-01-17
157,Follow-up 157,158,Meeting,2026-02-23,2026-01-18
158,Follow-up 158,159,Task,2026-02-24,2026-01-19
159,Follow-up 159,160,Call,2026-02-25,2026-01-20
160,Follow-up 160,161,Meeting,2026-02-26,2026-01-21
161,Follow-up 161,162,Task,2026-02-27,2026-01-22
162,Follow-up 162,163,Call,2026-02-01,2026-01-23
163,Follow-up 163,164,Meeting,2026-02-02,2026-01-24
164,Follow-up 164,165,Task,2026-02-03,2026-01-25
165,Follow-up 165,166,Call,2026-02-04,2026-01-26
166,Follow-up 166,167,Meeting,2026-02-05,2026-01-27
167,Follow-up 167,168,Task,2026-02-06,2026-01-28
168,Follow-up 168,169,Call,2026-02-07,2026-01-01
169,Follow-up 169,170,Meeting,2026-02-08,2026-01-02
170,Follow-up 170,171,Task,2026-02-09,2026-01-03
171,Follow-up 171,172,Call,2026-02-10,2026-01-04
172,Follow-up 172,173,Meeting,2026-02-11,2026-01-05
173,Follow-up 173,174,Task,2026-02-12,2026-01-06
174,Follow-up 174,175,Call,2026-02-13,2026-01-07
175,Follow-up 175,176,Meeting,2026-02-14,2026-01-08
176,Follow-up 176,177,Task,2026-02-15,2026-01-09
177,Follow-up 177,178,Call,2026-02-16,2026-01-10
178,Follow-up 178,179,Meeting,2026-02-17,2026-01-11
179,Follow-up 179,180,Task,2026-02-18,2026-01-12
180,Follow-up 180,181,Call,2026-02-19,2026-01-13
181,Follow-up 181,182,Meeting,2026-02-20,2026-01-14
182,Follow-up 182,183,Task,2026-02-21,2026-01-15
183,Follow-up 183,184,Call,2026-02-22,2026-01-16
184,Follow-up 184,185,Meeting,2026-02-23,2026-01-17
185,Follow-up 185,186,Task,2026-02-24,2026-01-18
186,Follow-up 186,187,Call,2026-02-25,2026-01-19
187,Follow-up 187,188,Meeting,2026-02-26,2026-01-20
188,Follow-up 188,189,Task,2026-02-27,2026-01-21
189,Follow-up 189,190,Call,2026-02-01,2026-01-22
190,Follow-up 190,191,Meeting,2026-02-02,2026-01-23
191,Follow-up 191,192,Task,2026-02-03,2026-01-24
192,Follow-up 192,193,Call,2026-02-04,2026-01-25
193,Follow-up 193,194,Meeting,2026-02-05,2026-01-26
194,Follow-up 194,195,Task,2026-02-06,2026-01-27
195,Follow-up 195,196,Call,2026-02-07,2026-01-28
196,Follow-up 196,197,Meeting,2026-02-08,2026-01-01
197,Follow-up 197,198,Task,2026-02-09,2026-01-02
198,Follow-up 198,199,Call,2026-02-10,2026-01-03
199,Follow-up 199,200,Meeting,2026-02-11,2026-01-04
200,Follow-up 200,201,Task,2026-02-12,2026-01-05
201,Follow-up 201,202,Call,2026-02-13,2026-01-06
202,Follow-up 202,203,Meeting,2026-02-14,2026-01-07
203,Follow-up 203,204,Task,2026-02-15,2026-01-08
204,Follow-up 204,205,Call,2026-02-16,2026-01-09
205,Follow-up 205,206,Meeting,2026-02-17,2026-01-10
206,Follow-up 206,207,Task,2026-02-18,2026-01-11
207,Follow-up 207,208,Call,2026-02-19,2026-01-12
208,Follow-up 208,209,Meeting,2026-02-20,2026-01-13
209,Follow-up 209,210,Task,2026-02-21,2026-01-14
210,Follow-up 210,211,Call,2026-02-22,2026-01-15
211,Follow-up 211,212,Meeting,2026-02-23,2026-01-16
212,Follow-up 212,213,Task,2026-02-24,2026-01-17
213,Follow-up 213,214,Call,2026-02-25,2026-01-18
214,Follow-up 214,215,Meeting,2026-02-26,2026-01-19
215,Follow-up 215,216,Task,2026-02-27,2026-01-20
216,Follow-up 216,217,Call,2026-02-01,2026-01-21
217,Follow-up 217,218,Meeting,2026-02-02,2026-01-22
218,Follow-up 218,219,Task,2026-02-03,2026-01-23
219,Follow-up 219,220,Call,2026-02-04,2026-01-24
220,Follow-up 220,221,Meeting,2026-02-05,2026-01-25
221,Follow-up 221,222,Task,2026-02-06,2026-01-26
222,Follow-up 222,223,Call,2026-02-07,2026-01-27
223,Follow-up 223,224,Meeting,2026-02-08,2026-01-28
224,Follow-up 224,225,Task,2026-02-09,2026-01-01
225,Follow-up 225,226,Call,2026-02-10,2026-01-02
226,Follow-up 226,227,Meeting,2026-02-11,2026-01-03
227,Follow-up 227,228,Task,2026-02-12,2026-01-04
228,Follow-up 228,229,Call,2026-02-13,2026-01-05
229,Follow-up 229,230,Meeting,2026-02-14,2026-01-06
230,Follow-up 230,231,Task,2026-02-15,2026-01-07
231,Follow-up 231,232,Call,2026-02-16,2026-01-08
232,Follow-up 232,233,Meeting,2026-02-17,2026-01-09
233,Follow-up 233,234,Task,2026-02-18,2026-01-10
234,Follow-up 234,235,Call,2026-02-19,2026-01-11
235,Follow-up 235,236,Meeting,2026-02-20,2026-01-12
236,Follow-up 236,237,Task,2026-02-21,2026-01-13
237,Follow-up 237,238,Call,2026-02-22,2026-01-14
238,Follow-up 238,239,Meeting,2026-02-23,2026-01-15
239,Follow-up 239,240,Task,2026-02-24,2026-01-16
240,Follow-up 240,241,Call,2026-02-25,2026-01-17
241,Follow-up 241,242,Meeting,2026-02-26,2026-01-18
242,Follow-up 242,243,Task,2026-02-27,2026-01-19
243,Follow-up 243,244,Call,2026-02-01,2026-01-20
244,Follow-up 244,245,Meeting,2026-02-02,2026-01-21
245,Follow-up 245,246,Task,2026-02-03,2026-01-22
246,Follow-up 246,247,Call,2026-02-04,2026-01-23
247,Follow-up 247,248,Meeting,2026-02-05,2026-01-24
248,Follow-up 248,249,Task,2026-02-06,2026-01-25
249,Follow-up 249,250,Call,2026-02-07,2026-01-26
250,Follow-up 250,251,Meeting,2026-02-08,2026-01-27
251,Follow-up 251,252,Task,2026-02-09,2026-01-28
252,Follow-up 252,253,Call,2026-02-10,2026-01-01
253,Follow-up 253,254,Meeting,2026-02-11,2026-01-02
254,Follow-up 254,255,Task,2026-02-12,2026-01-03
255,Follow-up 255,256,Call,2026-02-13,2026-01-04
256,Follow-up 256,257,Meeting,2026-02-14,2026-01-05
257,Follow-up 257,258,Task,2026-02-15,2026-01-06
258,Follow-up 258,259,Call,2026-02-16,2026-01-07
259,Follow-up 259,260,Meeting,2026-02-17,2026-01-08
260,Follow-up 260,261,Task,2026-02-18,2026-01-09
261,Follow-up 261,262,Call,2026-02-19,2026-01-10
262,Follow-up 262,263,Meeting,2026-02-20,2026-01-11
263,Follow-up 263,264,Task,2026-02-21,2026-01-12
264,Follow-up 264,265,Call,2026-02-22,2026-01-13
265,Follow-up 265,266,Meeting,2026-02-23,2026-01-14
266,Follow-up 266,267,Task,2026-02-24,2026-01-15
267,Follow-up 267,268,Call,2026-02-25,2026-01-16
268,Follow-up 268,269,Meeting,2026-02-26,2026-01-17
269,Follow-up 269,270,Task,2026-02-27,2026-01-18
270,Follow-up 270,271,Call,2026-02-01,2026-01-19
271,Follow-up 271,272,Meeting,2026-02-02,2026-01-20
272,Follow-up 272,273,Task,2026-02-03,2026-01-21
273,Follow-up 273,274,Call,2026-02-04,2026-01-22
274,Follow-up 274,275,Meeting,2026-02-05,2026-01-23
275,Follow-up 275,276,Task,2026-02-06,2026-01-24
276,Follow-up 276,277,Call,2026-02-07,2026-01-25
277,Follow-up 277,278,Meeting,2026-02-08,2026-01-26
278,Follow-up 278,279,Task,2026-02-09,2026-01-27
279,Follow-up 279,280,Call,2026-02-10,2026-01-28
280,Follow-up 280,281,Meeting,2026-02-11,2026-01-01
281,Follow-up 281,282,Task,2026-02-12,2026-01-02
282,Follow-up 282,283,Call,2026-02-13,2026-01-03
283,Follow-up 283,284,Meeting,2026-02-14,2026-01-04
284,Follow-up 284,285,Task,2026-02-15,2026-01-05
285,Follow-up 285,286,Call,2026-02-16,2026-01-06
286,Follow-up 286,287,Meeting,2026-02-17,2026-01-07
287,Follow-up 287,288,Task,2026-02-18,2026-01-08
288,Follow-up 288,289,Call,2026-02-19,2026-01-09
289,Follow-up 289,290,Meeting,2026-02-20,2026-01-10
290,Follow-up 290,291,Task,2026-02-21,2026-01-11
291,Follow-up 291,292,Call,2026-02-22,2026-01-12
292,Follow-up 292,293,Meeting,2026-02-23,2026-01-13
293,Follow-up 293,294,Task,2026-02-24,2026-01-14
294,Follow-up 294,295,Call,2026-02-25,2026-01-15
295,Follow-up 295,296,Meeting,2026-02-26,2026-01-16
296,Follow-up 296,297,Task,2026-02-27,2026-01-17
297,Follow-up 297,298,Call,2026-02-01,2026-01-18
298,Follow-up 298,299,Meeting,2026-02-02,2026-01-19
299,Follow-up 299,300,Task,2026-02-03,2026-01-20
300,Follow-up 300,301,Call,2026-02-04,2026-01-21
