ID,Name,Country,Created
1,Meerut Chemicals Emerald Banyan,India,2026-01-02
2,Meerut Pharma Golden Meadow,India,2026-01-03
3,Ranchi Coffee Ruby Desert,India,2026-01-04
4,Rourkela Coffee Ebony Banyan,India,2026-01-05
5,Shimla Cotton Ruby Valley,India,2026-01-06
501,Marigold Labs Private Limited,India,2026-01-03
502,Marigold Labs Private Ltd,India,2026-01-04
503,,India,2026-01-05
9,Kharagpur Spices Opal Banyan,India,2026-01-10
10,Jaipur Coffee Amber Falcon,India,2026-01-11
11,Coimbatore Coffee Coral Orchard,India,2026-01-12
12,Panaji Glass Golden Banyan,India,2026-01-13
13,Dehradun Textiles Sapphire Lotus,India,2026-01-14
14,Nagpur Coffee Crimson Desert,India,2026-01-15
15,Haldia Textiles Topaz Mango,India,2026-01-16
16,Bokaro Leather Topaz Summit,India,2026-01-17
17,Guwahati Metals Pearl Harbor,India,2026-01-18
18,Howrah Foods Azure Monsoon,India,2026-01-19
19,Raipur Leather Amber Summit,India,2026-01-20
20,Haldia Metals Bronze Banyan,India,2026-01-21
21,Siliguri Textiles Topaz Savanna,India,2026-01-22
22,Patna Metals Sapphire Canyon,India,2026-01-23
23,Durgapur Spices Topaz Heron,India,2026-01-24
24,Visakhapatnam Coffee Emerald Savanna,India,2026-01-25
25,Nagpur Cotton Silver Desert,India,2026-01-26
26,Jaipur Glass Pearl Falcon,India,2026-01-27
27,Jabalpur Pharma Crimson Mango,India,2026-01-28
28,Kochi Textiles Sapphire Prairie,India,2026-01-01
29,Bhopal Coffee Onyx Harbor,India,2026-01-02
30,Visakhapatnam Timber Ivory Tiger,India,2026-01-03
31,Allahabad Granite Golden Reef,India,2026-01-04
32,Siliguri Foods Emerald Prairie,India,2026-01-05
33,Asansol Chemicals Ivory Monsoon,India,2026-01-06
34,Dhanbad Glass Golden Heron,India,2026-01-07
35,Meerut Marble Ivory Mango,India,2026-01-08
36,Shimla Paper Ruby Savanna,India,2026-01-09
37,Agra Chemicals Bronze River,India,2026-01-10
38,Allahabad Logistics Silver Reef,India,2026-01-11
39,Coimbatore Timber Quartz Banyan,India,2026-01-12
40,Kanpur Timber Bronze Valley,India,2026-01-13
41,Nagpur Ceramics Topaz Monsoon,India,2026-01-14
42,Dhanbad Pharma Azure Prairie,India,2026-01-15
43,Jamshedpur Timber Topaz Tiger,India,2026-01-16
44,Dhanbad Silk Onyx Monsoon,India,2026-01-17
45,Siliguri Metals Amber Valley,India,2026-01-18
46,Portsmouth Jute Garnet Heron,India,2026-01-19
47,Allahabad Ceramics Ebony Falcon,India,2026-01-20
48,Raipur Coffee Copper Tiger,India,2026-01-21
49,Portsmouth Marble Opal Savanna,India,2026-01-22
50,Kochi Jute Bronze Reef,India,2026-01-23
51,Rourkela Textiles Ruby Lotus,India,2026-01-24
52,Asansol Coffee Onyx Valley,India,2026-01-25
53,Mysuru Foods Ebony Monsoon,India,2026-01-26
54,Haldia Logistics Pearl Mango,India,2026-01-27
55,Nagpur Tea Emerald Meadow,India,2026-01-28
56,Varanasi Pharma Onyx Desert,India,2026-01-01
57,Jamshedpur Jute Pearl Meadow,India,2026-01-02
58,Agra Leather Opal Lotus,India,2026-01-03
59,Dhanbad Jute Jade Falcon,India,2026-01-04
60,Mysuru Logistics Crimson Harbor,India,2026-01-05
61,Durgapur Jute Golden Harbor,India,2026-01-06
62,Siliguri Timber Crimson Summit,India,2026-01-07
63,Indore Glass Onyx Prairie,India,2026-01-08
64,Shimla Ceramics Coral Tiger,India,2026-01-09
65,Bhubaneswar Glass Topaz Peacock,India,2026-01-10
66,Coimbatore Tea Copper Desert,India,2026-01-11
67,Cuttack Coffee Emerald Lotus,India,2026-01-12
68,Rourkela Spices Copper Falcon,India,2026-01-13
69,Kanpur Ceramics Ivory Valley,India,2026-01-14
70,Haldia Glass Ivory Banyan,India,2026-01-15
71,Siliguri Coffee Pearl Summit,India,2026-01-16
72,Jaipur Cotton Azure Meadow,India,2026-01-17
73,Bokaro Chemicals Ebony Prairie,India,2026-01-18
74,Mysuru Cotton Bronze Meadow,India,2026-01-19
75,Lucknow Cotton Jade Savanna,India,2026-01-20
76,Asansol Paper Topaz Lotus,India,2026-01-21
77,Howrah Tea Emerald Tiger,India,2026-01-22
78,Kanpur Pharma Opal Prairie,India,2026-01-23
79,Gwalior Spices Garnet Falcon,India,2026-01-24
80,Haldia Granite Azure Lotus,India,2026-01-25
81,Coimbatore Silk Silver Tiger,India,2026-01-26
82,Mysuru Jute Bronze Summit,India,2026-01-27
83,Jabalpur Marble Crimson Prairie,India,2026-01-28
84,Visakhapatnam Logistics Azure Tiger,India,2026-01-01
85,Surat Pharma Silver Canyon,India,2026-01-02
86,Bokaro Textiles Coral Heron,India,2026-01-03
87,Bhopal Spices Ebony Harbor,India,2026-01-04
88,Allahabad Spices Silver Lagoon,India,2026-01-05
89,Siliguri Cotton Crimson Meadow,India,2026-01-06
90,Coimbatore Rubber Bronze Falcon,India,2026-01-07
91,Bhopal Timber Golden Desert,India,2026-01-08
92,Nagpur Granite Silver Monsoon,India,2026-01-09
93,Indore Timber Silver Meadow,India,2026-01-10
94,Lucknow Tea Amber Lagoon,India,2026-01-11
95,Jabalpur Timber Copper River,India,2026-01-12
96,Agra Cotton Azure Falcon,India,2026-01-13
97,Lucknow Metals Amber Harbor,India,2026-01-14
98,Howrah Spices Azure Mango,India,2026-01-15
99,Lucknow Foods Ebony Canyon,India,2026-01-16
100,Nagpur Leather Crimson Heron,India,2026-01-17
101,Ranchi Paper Garnet Mango,India,2026-01-18
102,Agra Pharma Sapphire Banyan,India,2026-01-19
103,Nagpur Chemicals Amber Canyon,India,2026-01-20
104,Shimla Tea Golden Savanna,India,2026-01-21
105,Rourkela Marble Amber Mango,India,2026-01-22
106,Surat Tea Amber Monsoon,India,2026-01-23
107,Meerut Timber Bronze Peacock,India,2026-01-24
108,Dehradun Cotton Onyx Mango,India,2026-01-25
109,Madurai Metals Ruby Tiger,India,2026-01-26
110,Bhopal Pharma Golden River,India,2026-01-27
111,Guwahati Chemicals Quartz Lagoon,India,2026-01-28
112,Madurai Leather Quartz Falcon,India,2026-01-01
113,Meerut Coffee Ebony Heron,India,2026-01-02
114,Allahabad Pharma Ebony Reef,India,2026-01-03
115,Indore Pharma Ruby Banyan,India,2026-01-04
116,Vijayawada Cotton Pearl Lotus,India,2026-01-05
117,Varanasi Timber Ruby Falcon,India,2026-01-06
118,Dhanbad Rubber Pearl Prairie,India,2026-01-07
119,Kanpur Paper Crimson Canyon,India,2026-01-08
120,Jamshedpur Cotton Emerald Canyon,India,2026-01-09
121,Varanasi Ceramics Silver Savanna,India,2026-01-10
122,Panaji Leather Onyx Lagoon,India,2026-01-11
123,Allahabad Chemicals Golden Tiger,India,2026-01-12
124,Dehradun Marble Amber Savanna,India,2026-01-13
125,Jaipur Foods Opal Reef,India,2026-01-14
126,Dehradun Tea Amber Desert,India,2026-01-15
127,Nagpur Foods Emerald Harbor,India,2026-01-16
128,Cuttack Leather Ruby Peacock,India,2026-01-17
129,Portsmouth Tea Onyx Banyan,India,2026-01-18
130,Howrah Ceramics Azure Peacock,India,2026-01-19
131,Allahabad Metals Quartz Orchard,India,2026-01-20
132,Jamshedpur Leather Topaz Lagoon,India,2026-01-21
133,Panaji Logistics Ebony Lotus,India,2026-01-22
134,Kharagpur Cotton Garnet Summit,India,2026-01-23
135,Allahabad Cotton Crimson Monsoon,India,2026-01-24
136,Dehradun Glass Opal Canyon,India,2026-01-25
137,Dhanbad Metals Azure Canyon,India,2026-01-26
138,Lucknow Marble Silver Mango,India,2026-01-27
139,Kochi Logistics Garnet Peacock,India,2026-01-28
140,Cuttack Pharma Garnet Desert,India,2026-01-01
141,Seabrook Marble Coral Banyan,India,2026-01-02
142,Bhubaneswar Paper Ivory Orchard,India,2026-01-03
143,Raipur Granite Silver Falcon,India,2026-01-04
144,Bokaro Logistics Golden Mango,India,2026-01-05
145,Kharagpur Logistics Garnet Lagoon,India,2026-01-06
146,Jaipur Metals Coral Desert,India,2026-01-07
147,Jabalpur Logistics Quartz Monsoon,India,2026-01-08
148,Dehradun Paper Silver Banyan,India,2026-01-09
149,Agra Glass Amber Prairie,India,2026-01-10
150,Surat Logistics Quartz Savanna,India,2026-01-11
151,Gwalior Jute Garnet Meadow,India,2026-01-12
152,Mysuru Textiles Coral Lagoon,India,2026-01-13
153,Siliguri Logistics Azure Harbor,India,2026-01-14
154,Kharagpur Chemicals Sapphire Desert,India,2026-01-15
155,Portsmouth Textiles Onyx Summit,India,2026-01-16
156,Bhubaneswar Granite Ebony Tiger,India,2026-01-17
157,Patna Granite Azure Reef,India,2026-01-18
158,Panaji Coffee Sapphire Orchard,India,2026-01-19
159,Bokaro Ceramics Golden Peacock,India,2026-01-20
160,Shimla Marble Silver Summit,India,2026-01-21
161,Guwahati Marble Sapphire Monsoon,India,2026-01-22
162,Siliguri Leather Azure Orchard,India,2026-01-23
163,Surat Jute Coral Reef,India,2026-01-24
164,Coimbatore Logistics Copper Banyan,India,2026-01-25
165,Nagpur Pharma Silver Prairie,India,2026-01-26
166,Patna Leather Jade Mango,India,2026-01-27
167,Allahabad Silk Garnet Reef,India,2026-01-28
168,Howrah Logistics Opal Mango,India,2026-01-01
169,Jabalpur Jute Quartz Heron,India,2026-01-02
170,Mysuru Granite Topaz Falcon,India,2026-01-03
171,Raipur Logistics Onyx River,India,2026-01-04
172,Gwalior Foods Quartz Harbor,India,2026-01-05
173,Bhopal Marble Quartz Peacock,India,2026-01-06
174,Durgapur Metals Quartz Mango,India,2026-01-07
175,Vijayawada Glass Copper Mango,India,2026-01-08
176,Agra Spices Sapphire River,India,2026-01-09
177,Vijayawada Ceramics Coral River,India,2026-01-10
178,Lucknow Granite Amber Heron,India,2026-01-11
179,Asansol Textiles Garnet Harbor,India,2026-01-12
180,Bhopal Metals Bronze Lotus,India,2026-01-13
181,Howrah Metals Copper Canyon,India,2026-01-14
182,Gwalior Chemicals Ivory Summit,India,2026-01-15
183,Madurai Silk Jade Meadow,India,2026-01-16
184,Ranchi Tea Garnet Banyan,India,2026-01-17
185,Seabrook Pharma Opal Orchard,India,2026-01-18
186,Haldia Timber Copper Heron,India,2026-01-19
187,Dhanbad Granite Bronze Mango,India,2026-01-20
188,Madurai Spices Sapphire Summit,India,2026-01-21
189,Cuttack Logistics Garnet Canyon,India,2026-01-22
190,Allahabad Foods Emerald Orchard,India,2026-01-23
191,Visakhapatnam Marble Pearl Peacock,India,2026-01-24
192,Cuttack Rubber Onyx Peacock,India,2026-01-25
193,Jabalpur Rubber Pearl Desert,India,2026-01-26
194,Raipur Metals Amber Orchard,India,2026-01-27
195,Bhubaneswar Foods Ruby Canyon,India,2026-01-28
196,Jaipur Logistics Amber Tiger,India,2026-01-01
197,Guwahati Cotton Copper Reef,India,2026-01-02
198,Kharagpur Granite Emerald Monsoon,India,2026-01-03
199,Bhopal Chemicals Bronze Heron,India,2026-01-04
200,Durgapur Leather Coral Canyon,India,2026-01-05
