ID,Name,Email,Phone,Organization ID,Source,OwnerEmail,Created
1,Sneha Rao,person0001@example.invalid,+919000891226,2,referral,owner@example.invalid,2026-01-02
2,Sahil Reddy,person0002@example.invalid,+919000648561,3,web,owner@example.invalid,2026-01-03
3,Ishaan Joshi,person0003@example.invalid,+919000251892,4,referral,owner@example.invalid,2026-01-04
4,Payal Menon,person0004@example.invalid,+919000318272,5,web,owner@example.invalid,2026-01-05
5,Anaya Singh,person0005@example.invalid,+919000288045,6,referral,owner@example.invalid,2026-01-06
6,Sahil Reddy,person0006@example.invalid,+919000298844,7,web,owner@example.invalid,2026-01-07
7,Pooja Khan,person0007@example.invalid,+919000255322,8,referral,owner@example.invalid,2026-01-08
8,Yash Singh,person0008@example.invalid,+919000487301,9,web,owner@example.invalid,2026-01-09
9,Nikhil Reddy,person0009@example.invalid,+919000985130,10,referral,owner@example.invalid,2026-01-10
10,Karan Reddy,person0010@example.invalid,+919000966853,11,referral,owner@example.invalid,2026-01-11
911,Short
12,Meera Yadav,person0012@example.invalid,+919000449734,13,web,owner@example.invalid,2026-01-13
13,Ishaan Das,person0013@example.invalid,+919000669795,14,referral,owner@example.invalid,2026-01-14
14,Vivaan Nair,person0014@example.invalid,+919000237484,15,referral,owner@example.invalid,2026-01-15
15,Varun Pillai,person0015@example.invalid,+919000828409,16,referral,owner@example.invalid,2026-01-16
16,Meera Nair,person0016@example.invalid,+919000159105,17,referral,owner@example.invalid,2026-01-17
17,Kunal Chauhan,person0017@example.invalid,+919000421446,18,referral,owner@example.invalid,2026-01-18
18,Naina Chopra,person0018@example.invalid,+919000564624,19,referral,owner@example.invalid,2026-01-19
19,Lata Verma,person0019@example.invalid,+919000409982,20,referral,owner@example.invalid,2026-01-20
20,Kavya Mishra,person0020@example.invalid,+919000430349,21,referral,owner@example.invalid,2026-01-21
21,Arjun Verma,person0021@example.invalid,+919000162949,22,referral,owner@example.invalid,2026-01-22

22,Jaya Das,person0022@example.invalid,+919000584749,23,referral,owner@example.invalid,2026-01-23
23,Mohan Sharma,person0023@example.invalid,+919000270946,24,web,owner@example.invalid,2026-01-24
24,Naina Yadav,person0024@example.invalid,+919000828390,25,referral,owner@example.invalid,2026-01-25
25,Payal Verma,person0025@example.invalid,+919000920182,26,referral,owner@example.invalid,2026-01-26
26,Dev Menon,person0026@example.invalid,+919000545724,27,referral,owner@example.invalid,2026-01-27
27,Kavya Nair,person0027@example.invalid,+919000797873,28,referral,owner@example.invalid,2026-01-28
28,Gauri Bose,person0028@example.invalid,+919000614102,29,web,owner@example.invalid,2026-01-01
29,Aditya Patel,person0029@example.invalid,+919000757920,30,referral,owner@example.invalid,2026-01-02
30,Kavya Patel,person0030@example.invalid,+919000238206,31,web,owner@example.invalid,2026-01-03
31,Mohan Bhatt,dup.person@example.invalid,+919000331808,32,referral,owner@example.invalid,2026-01-05
32,Arjun Singh,DUP.PERSON@example.invalid,+919000667759,33,web,owner@example.invalid,2026-01-06
33,Karan Iyer,person0033@example.invalid,+919000153150,34,referral,owner@example.invalid,2026-01-06
34,Neha Joshi,person0034@example.invalid,+919000248773,35,web,owner@example.invalid,2026-01-07
35,Varun Reddy,person0035@example.invalid,+919000734701,36,web,owner@example.invalid,2026-01-08
36,Riya Sharma,person0036@example.invalid,+919000453064,37,web,owner@example.invalid,2026-01-09
37,Qasim Yadav,person0037@example.invalid,+919000844909,38,web,owner@example.invalid,2026-01-10
38,Qasim Gupta,person0038@example.invalid,+919000223469,39,referral,owner@example.invalid,2026-01-11
39,Anaya Patel,person0039@example.invalid,+919000849218,40,referral,owner@example.invalid,2026-01-12
40,Varun Chauhan,person0040@example.invalid,+919000382542,41,referral,owner@example.invalid,2026-01-13
41,Qasim Das,not-an-email,+919000360178,42,referral,owner@example.invalid,2026-01-14
42,NNNNNNNNNNNNNNNNNNNNNNNNNNNNNNNNNNNNNNNNNNNNNNNNNNNNNNNNNNNNNNNNNNNNNNNNNNNNNNNNN,person0042@example.invalid,+919000580449,43,referral,owner@example.invalid,2026-01-15
43,Neha Kulkarni,person0043@example.invalid,zzz,44,web,owner@example.invalid,2026-01-16
44,Harsh Rao,person0044@example.invalid,+919000596047,45,web,owner@example.invalid,2026-01-17
45,Kavya Kaur,person0045@example.invalid,+919000771425,46,referral,owner@example.invalid,2026-01-18
46,Aditya Gupta,person0046@example.invalid,+919000970540,47,web,owner@example.invalid,2026-01-19
47,Naina Iyer,person0047@example.invalid,+919000363085,48,referral,owner@example.invalid,2026-01-20
48,Jaya Khan,person0048@example.invalid,+919000908531,49,referral,owner@example.invalid,2026-01-21
49,Meera Chopra,person0049@example.invalid,+919000516574,50,referral,owner@example.invalid,2026-01-22
50,Sahil Gupta,person0050@example.invalid,+919000137095,51,web,owner@example.invalid,2026-01-23
9001,Diya Desai,person0051@example.invalid,+919000188079,52,referral,owner@example.invalid,2026-01-24
9001,Riya Rao,external.dup@example.invalid,+919000642818,53,referral,owner@example.invalid,2026-01-25
53,Dev Joshi,person0053@example.invalid,+919000200945,54,referral,owner@example.invalid,2026-01-26
54,Jaya Agarwal,person0054@example.invalid,+919000336390,55,referral,owner@example.invalid,2026-01-27
55,Varun Chauhan,person0055@example.invalid,+919000603908,56,referral,owner@example.invalid,2026-01-28
56,Aditya Iyer,person0056@example.invalid,+919000945892,57,web,owner@example.invalid,2026-01-01
57,Kabir Pillai,person0057@example.invalid,+919000548534,58,web,owner@example.invalid,2026-01-02
58,Karan Joshi,person0058@example.invalid,+919000336788,59,web,owner@example.invalid,2026-01-03
59,Jaya Joshi,person0059@example.invalid,+919000923241,60,referral,owner@example.invalid,2026-01-04
60,Meera Kaur,person0060@example.invalid,+919000368990,61,referral,owner@example.invalid,2026-01-05
61,Omar Agarwal,person0061@example.invalid,+919000405798,62,web,former@example.invalid,2026-01-06
62,Aisha Gupta,person0062@example.invalid,+919000361033,63,web,ghost@example.invalid,2026-01-07
63,Qasim Joshi,person0063@example.invalid,+919000996908,64,pigeon,owner@example.invalid,2026-01-08
64,Ishaan Kaur,person0064@example.invalid,+919000844400,65,web,owner@example.invalid,2026-01-09
65,Vivaan Iyer,person0065@example.invalid,+919000110964,66,referral,owner@example.invalid,2026-01-10
66,Diya Yadav,person0066@example.invalid,+919000251326,67,referral,owner@example.invalid,2026-01-11
67,Tara Das,person0067@example.invalid,+919000626536,68,referral,owner@example.invalid,2026-01-12
68,Aditya Iyer,person0068@example.invalid,+919000465495,69,referral,owner@example.invalid,2026-01-13
69,Priya Nair,person0069@example.invalid,+919000869201,70,referral,owner@example.invalid,2026-01-14
70,Rahul Verma,person0070@example.invalid,+919000458486,71,referral,owner@example.invalid,2026-01-15
71,Rohan Bose,returning@example.invalid,+919000218490,72,referral,owner@example.invalid,2026-01-16
72,,person0072@example.invalid,+919000889720,73,referral,owner@example.invalid,2026-01-17
73,Vivaan Yadav,person0073@example.invalid,+919000218924,74,referral,owner@example.invalid,2026-01-18
74,Nikhil Mishra,person0074@example.invalid,+919000513241,75,referral,owner@example.invalid,2026-01-19
75,Anaya Sharma,person0075@example.invalid,+919000532118,76,referral,owner@example.invalid,2026-01-20
76,Payal Reddy,person0076@example.invalid,+919000151149,77,referral,owner@example.invalid,2026-01-21
77,Anika Chauhan,person0077@example.invalid,+919000661778,78,referral,owner@example.invalid,2026-01-22
78,Meera Agarwal,person0078@example.invalid,+919000484318,79,referral,owner@example.invalid,2026-01-23
79,Meera Kaur,person0079@example.invalid,+919000362981,80,web,owner@example.invalid,2026-01-24
80,Nikhil Bose,person0080@example.invalid,+919000586504,81,referral,owner@example.invalid,2026-01-25
81,Ira Iyer,person0081@example.invalid,+919000782156,82,referral,owner@example.invalid,2026-01-26
82,Kabir Verma,person0082@example.invalid,+919000193059,83,web,owner@example.invalid,2026-01-27
83,Pooja Sharma,person0083@example.invalid,+919000621578,84,referral,owner@example.invalid,2026-01-28
84,Meera Chauhan,person0084@example.invalid,+919000197888,85,referral,owner@example.invalid,2026-01-01
85,Sneha Kaur,person0085@example.invalid,+919000391934,86,referral,owner@example.invalid,2026-01-02
86,Priya Chopra,person0086@example.invalid,+919000528348,87,web,owner@example.invalid,2026-01-03
87,Naina Joshi,person0087@example.invalid,+919000330299,88,referral,owner@example.invalid,2026-01-04
88,Dev Sharma,person0088@example.invalid,+919000675954,89,referral,owner@example.invalid,2026-01-05
89,Pooja Kaur,person0089@example.invalid,+919000754275,90,web,owner@example.invalid,2026-01-06
90,Pooja Reddy,person0090@example.invalid,+919000749159,91,referral,owner@example.invalid,2026-01-07
91,Rohan Sharma,person0091@example.invalid,+919000441622,92,web,owner@example.invalid,2026-01-08
92,Kavya Bose,person0092@example.invalid,+919000159615,93,web,owner@example.invalid,2026-01-09
93,Jaya Chauhan,person0093@example.invalid,+919000893511,94,referral,owner@example.invalid,2026-01-10
94,Om Chopra,person0094@example.invalid,+919000720741,95,referral,owner@example.invalid,2026-01-11
95,Rahul Verma,person0095@example.invalid,+919000679984,96,web,owner@example.invalid,2026-01-12
96,Aarav Menon,person0096@example.invalid,+919000451264,97,web,owner@example.invalid,2026-01-13
97,Gauri Khan,person0097@example.invalid,+919000224841,98,referral,owner@example.invalid,2026-01-14
98,Sahil Joshi,person0098@example.invalid,+919000710354,99,referral,owner@example.invalid,2026-01-15
99,Neha Pillai,person0099@example.invalid,+919000637913,100,referral,owner@example.invalid,2026-01-16
100,Neha Gupta,person0100@example.invalid,+919000976671,101,referral,owner@example.invalid,2026-01-17
101,Naina Bhatt,person0101@example.invalid,+919000219838,102,web,owner@example.invalid,2026-01-18
102,Diya Patel,person0102@example.invalid,+919000122803,103,web,owner@example.invalid,2026-01-19
103,Riya Bhatt,person0103@example.invalid,+919000614741,104,web,owner@example.invalid,2026-01-20
104,Pooja Kulkarni,person0104@example.invalid,+919000516859,105,web,owner@example.invalid,2026-01-21
105,Harsh Chauhan,person0105@example.invalid,+919000580090,106,referral,owner@example.invalid,2026-01-22
106,Priya Chauhan,person0106@example.invalid,+919000793510,107,referral,owner@example.invalid,2026-01-23
107,Yash Khan,person0107@example.invalid,+919000938598,108,referral,owner@example.invalid,2026-01-24
108,Aisha Reddy,person0108@example.invalid,+919000264326,109,web,owner@example.invalid,2026-01-25
109,Priya Gupta,person0109@example.invalid,+919000666059,110,referral,owner@example.invalid,2026-01-26
110,Om Bose,person0110@example.invalid,+919000723945,111,web,owner@example.invalid,2026-01-27
111,Lata Agarwal,person0111@example.invalid,+919000240852,112,referral,owner@example.invalid,2026-01-28
112,Karan Joshi,person0112@example.invalid,+919000665947,113,web,owner@example.invalid,2026-01-01
113,Om Chopra,person0113@example.invalid,+919000377573,114,web,owner@example.invalid,2026-01-02
114,Ira Mishra,person0114@example.invalid,+919000148035,115,web,owner@example.invalid,2026-01-03
115,Diya Rao,person0115@example.invalid,+919000755862,116,web,owner@example.invalid,2026-01-04
116,Ishaan Agarwal,person0116@example.invalid,+919000214569,117,referral,owner@example.invalid,2026-01-05
117,Omar Iyer,person0117@example.invalid,+919000951720,118,referral,owner@example.invalid,2026-01-06
118,Varun Das,person0118@example.invalid,+919000485564,119,referral,owner@example.invalid,2026-01-07
119,Naina Reddy,person0119@example.invalid,+919000455815,120,web,owner@example.invalid,2026-01-08
120,Ishaan Reddy,person0120@example.invalid,+919000883306,121,referral,owner@example.invalid,2026-01-09
121,Vivaan Bose,person0121@example.invalid,+919000651446,122,web,owner@example.invalid,2026-01-10
122,Omar Verma,person0122@example.invalid,+919000509956,123,web,owner@example.invalid,2026-01-11
123,Om Bose,person0123@example.invalid,+919000311287,124,referral,owner@example.invalid,2026-01-12
124,Aisha Das,person0124@example.invalid,+919000335760,125,referral,owner@example.invalid,2026-01-13
125,Qasim Kaur,person0125@example.invalid,+919000646369,126,referral,owner@example.invalid,2026-01-14
126,Diya Iyer,person0126@example.invalid,+919000732608,127,referral,owner@example.invalid,2026-01-15
127,Anika Kaur,person0127@example.invalid,+919000390559,128,web,owner@example.invalid,2026-01-16
128,Anika Agarwal,person0128@example.invalid,+919000388027,129,referral,owner@example.invalid,2026-01-17
129,Payal Kaur,person0129@example.invalid,+919000219761,130,web,owner@example.invalid,2026-01-18
130,Lata Reddy,person0130@example.invalid,+919000715401,131,referral,owner@example.invalid,2026-01-19
131,Om Reddy,person0131@example.invalid,+919000702149,132,web,owner@example.invalid,2026-01-20
132,Zara Bose,person0132@example.invalid,+919000846578,133,web,owner@example.invalid,2026-01-21
133,Jaya Pillai,person0133@example.invalid,+919000700463,134,web,owner@example.invalid,2026-01-22
134,Yash Singh,person0134@example.invalid,+919000539763,135,web,owner@example.invalid,2026-01-23
135,Lata Desai,person0135@example.invalid,+919000335920,136,referral,owner@example.invalid,2026-01-24
136,Omar Menon,person0136@example.invalid,+919000151548,137,referral,owner@example.invalid,2026-01-25
137,Zara Kulkarni,person0137@example.invalid,+919000799501,138,web,owner@example.invalid,2026-01-26
138,Lata Khan,person0138@example.invalid,+919000527118,139,web,owner@example.invalid,2026-01-27
139,Priya Khan,person0139@example.invalid,+919000680118,140,web,owner@example.invalid,2026-01-28
140,Ishaan Yadav,person0140@example.invalid,+919000548977,141,referral,owner@example.invalid,2026-01-01
141,Neha Reddy,person0141@example.invalid,+919000912198,142,referral,owner@example.invalid,2026-01-02
142,Aarav Nair,person0142@example.invalid,+919000809250,143,referral,owner@example.invalid,2026-01-03
143,Riya Singh,person0143@example.invalid,+919000708913,144,web,owner@example.invalid,2026-01-04
144,Yash Gupta,person0144@example.invalid,+919000638209,145,web,owner@example.invalid,2026-01-05
145,Riya Chopra,person0145@example.invalid,+919000370086,146,referral,owner@example.invalid,2026-01-06
146,Payal Iyer,person0146@example.invalid,+919000966389,147,web,owner@example.invalid,2026-01-07
147,Vivaan Kaur,person0147@example.invalid,+919000115024,148,web,owner@example.invalid,2026-01-08
148,Yash Verma,person0148@example.invalid,+919000110832,149,web,owner@example.invalid,2026-01-09
149,Kavya Nair,person0149@example.invalid,+919000988646,150,web,owner@example.invalid,2026-01-10
150,Omar Pillai,person0150@example.invalid,+919000877343,151,referral,owner@example.invalid,2026-01-11
151,Yash Mishra,person0151@example.invalid,+919000881589,152,referral,owner@example.invalid,2026-01-12
152,Aditya Verma,person0152@example.invalid,+919000226054,153,referral,owner@example.invalid,2026-01-13
153,Pooja Bose,person0153@example.invalid,+919000682754,154,referral,owner@example.invalid,2026-01-14
154,Sahil Gupta,person0154@example.invalid,+919000839383,155,referral,owner@example.invalid,2026-01-15
155,Gauri Kulkarni,person0155@example.invalid,+919000343697,156,referral,owner@example.invalid,2026-01-16
156,Kabir Chopra,person0156@example.invalid,+919000557251,157,web,owner@example.invalid,2026-01-17
157,Ira Kaur,person0157@example.invalid,+919000659471,158,referral,owner@example.invalid,2026-01-18
158,Priya Rao,person0158@example.invalid,+919000577925,159,referral,owner@example.invalid,2026-01-19
159,Lata Chauhan,person0159@example.invalid,+919000475796,160,web,owner@example.invalid,2026-01-20
160,Priya Gupta,person0160@example.invalid,+919000367018,161,web,owner@example.invalid,2026-01-21
161,Aditya Desai,person0161@example.invalid,+919000137444,162,web,owner@example.invalid,2026-01-22
162,Sahil Menon,person0162@example.invalid,+919000995801,163,referral,owner@example.invalid,2026-01-23
163,Neha Verma,person0163@example.invalid,+919000759610,164,referral,owner@example.invalid,2026-01-24
164,Meera Kulkarni,person0164@example.invalid,+919000334231,165,web,owner@example.invalid,2026-01-25
165,Yash Menon,person0165@example.invalid,+919000736435,166,referral,owner@example.invalid,2026-01-26
166,Tara Chopra,person0166@example.invalid,+919000599024,167,web,owner@example.invalid,2026-01-27
167,Gauri Desai,person0167@example.invalid,+919000767236,168,web,owner@example.invalid,2026-01-28
168,Karan Pillai,person0168@example.invalid,+919000787134,169,web,owner@example.invalid,2026-01-01
169,Aisha Mishra,person0169@example.invalid,+919000146537,170,web,owner@example.invalid,2026-01-02
170,Yash Singh,person0170@example.invalid,+919000284786,171,referral,owner@example.invalid,2026-01-03
171,Zara Bhatt,person0171@example.invalid,+919000614218,172,referral,owner@example.invalid,2026-01-04
172,Mohan Chopra,person0172@example.invalid,+919000262778,173,referral,owner@example.invalid,2026-01-05
173,Jaya Joshi,person0173@example.invalid,+919000736595,174,referral,owner@example.invalid,2026-01-06
174,Harsh Verma,person0174@example.invalid,+919000108049,175,web,owner@example.invalid,2026-01-07
175,Rohan Bose,person0175@example.invalid,+919000951573,176,referral,owner@example.invalid,2026-01-08
176,Anika Chauhan,person0176@example.invalid,+919000906292,177,web,owner@example.invalid,2026-01-09
177,Ishaan Bhatt,person0177@example.invalid,+919000775635,178,referral,owner@example.invalid,2026-01-10
178,Omar Rao,person0178@example.invalid,+919000435166,179,web,owner@example.invalid,2026-01-11
179,Nikhil Iyer,person0179@example.invalid,+919000700101,180,referral,owner@example.invalid,2026-01-12
180,Pooja Yadav,person0180@example.invalid,+919000213393,181,web,owner@example.invalid,2026-01-13
181,Harsh Patel,person0181@example.invalid,+919000243861,182,referral,owner@example.invalid,2026-01-14
182,Rohan Mishra,person0182@example.invalid,+919000735355,183,referral,owner@example.invalid,2026-01-15
183,Pooja Patel,person0183@example.invalid,+919000555914,184,web,owner@example.invalid,2026-01-16
184,Karan Das,person0184@example.invalid,+919000308540,185,web,owner@example.invalid,2026-01-17
185,Omar Mishra,person0185@example.invalid,+919000995621,186,referral,owner@example.invalid,2026-01-18
186,Varun Das,person0186@example.invalid,+919000469226,187,web,owner@example.invalid,2026-01-19
187,Zara Desai,person0187@example.invalid,+919000679682,188,referral,owner@example.invalid,2026-01-20
188,Sneha Nair,person0188@example.invalid,+919000494861,189,web,owner@example.invalid,2026-01-21
189,Omar Menon,person0189@example.invalid,+919000633359,190,referral,owner@example.invalid,2026-01-22
190,Meera Nair,person0190@example.invalid,+919000446834,191,referral,owner@example.invalid,2026-01-23
191,Jaya Das,person0191@example.invalid,+919000659803,192,web,owner@example.invalid,2026-01-24
192,Dev Bhatt,person0192@example.invalid,+919000191997,193,referral,owner@example.invalid,2026-01-25
193,Aarav Chauhan,person0193@example.invalid,+919000194238,194,web,owner@example.invalid,2026-01-26
194,Karan Kulkarni,person0194@example.invalid,+919000945727,195,web,owner@example.invalid,2026-01-27
195,Rohan Yadav,person0195@example.invalid,+919000939529,196,web,owner@example.invalid,2026-01-28
196,Kavya Bhatt,person0196@example.invalid,+919000757173,197,web,owner@example.invalid,2026-01-01
197,Ishaan Verma,person0197@example.invalid,+919000169692,198,referral,owner@example.invalid,2026-01-02
198,Priya Agarwal,person0198@example.invalid,+919000381626,199,referral,owner@example.invalid,2026-01-03
199,Pooja Kulkarni,person0199@example.invalid,+919000767261,200,referral,owner@example.invalid,2026-01-04
200,Kunal Gupta,person0200@example.invalid,+919000816923,1,web,owner@example.invalid,2026-01-05
201,Aarav Kulkarni,person0201@example.invalid,+919000372180,2,referral,owner@example.invalid,2026-01-06
202,Qasim Menon,person0202@example.invalid,+919000966647,3,referral,owner@example.invalid,2026-01-07
203,Aisha Mishra,person0203@example.invalid,+919000802421,4,web,owner@example.invalid,2026-01-08
204,Dev Bose,person0204@example.invalid,+919000450437,5,referral,owner@example.invalid,2026-01-09
205,Priya Chopra,person0205@example.invalid,+919000579859,6,referral,owner@example.invalid,2026-01-10
206,Anika Patel,person0206@example.invalid,+919000280756,7,web,owner@example.invalid,2026-01-11
207,Dev Nair,person0207@example.invalid,+919000907383,8,referral,owner@example.invalid,2026-01-12
208,Pooja Agarwal,person0208@example.invalid,+919000554290,9,referral,owner@example.invalid,2026-01-13
209,Aditya Das,person0209@example.invalid,+919000247707,10,web,owner@example.invalid,2026-01-14
210,Simran Gupta,person0210@example.invalid,+919000602552,11,web,owner@example.invalid,2026-01-15
211,Zara Gupta,person0211@example.invalid,+919000119727,12,web,owner@example.invalid,2026-01-16
212,Pooja Verma,person0212@example.invalid,+919000686758,13,web,owner@example.invalid,2026-01-17
213,Gauri Pillai,person0213@example.invalid,+919000233209,14,referral,owner@example.invalid,2026-01-18
214,Naina Verma,person0214@example.invalid,+919000534618,15,referral,owner@example.invalid,2026-01-19
215,Riya Das,person0215@example.invalid,+919000709193,16,referral,owner@example.invalid,2026-01-20
216,Rohan Pillai,person0216@example.invalid,+919000167215,17,web,owner@example.invalid,2026-01-21
217,Kabir Chauhan,person0217@example.invalid,+919000644362,18,referral,owner@example.invalid,2026-01-22
218,Jaya Sharma,person0218@example.invalid,+919000989546,19,referral,owner@example.invalid,2026-01-23
219,Anika Gupta,person0219@example.invalid,+919000540218,20,web,owner@example.invalid,2026-01-24
220,Tara Desai,person0220@example.invalid,+919000172113,21,web,owner@example.invalid,2026-01-25
221,Simran Sharma,person0221@example.invalid,+919000706562,22,referral,owner@example.invalid,2026-01-26
222,Dev Kaur,person0222@example.invalid,+919000322021,23,referral,owner@example.invalid,2026-01-27
223,Jaya Kulkarni,person0223@example.invalid,+919000517851,24,web,owner@example.invalid,2026-01-28
224,Aarav Pillai,person0224@example.invalid,+919000758290,25,referral,owner@example.invalid,2026-01-01
225,Kunal Pillai,person0225@example.invalid,+919000806671,26,web,owner@example.invalid,2026-01-02
226,Rahul Desai,person0226@example.invalid,+919000430217,27,referral,owner@example.invalid,2026-01-03
227,Zara Iyer,person0227@example.invalid,+919000391939,28,web,owner@example.invalid,2026-01-04
228,Karan Menon,person0228@example.invalid,+919000881606,29,web,owner@example.invalid,2026-01-05
229,Kunal Bhatt,person0229@example.invalid,+919000849038,30,web,owner@example.invalid,2026-01-06
230,Aisha Yadav,person0230@example.invalid,+919000962580,31,web,owner@example.invalid,2026-01-07
231,Sahil Joshi,person0231@example.invalid,+919000138333,32,web,owner@example.invalid,2026-01-08
232,Anika Bhatt,person0232@example.invalid,+919000275205,33,referral,owner@example.invalid,2026-01-09
233,Ishaan Desai,person0233@example.invalid,+919000697137,34,referral,owner@example.invalid,2026-01-10
234,Sneha Desai,person0234@example.invalid,+919000852732,35,referral,owner@example.invalid,2026-01-11
235,Ishaan Yadav,person0235@example.invalid,+919000460793,36,referral,owner@example.invalid,2026-01-12
236,Kunal Bhatt,person0236@example.invalid,+919000620523,37,referral,owner@example.invalid,2026-01-13
237,Kunal Kaur,person0237@example.invalid,+919000404574,38,referral,owner@example.invalid,2026-01-14
238,Rohan Sharma,person0238@example.invalid,+919000680525,39,web,owner@example.invalid,2026-01-15
239,Anaya Sharma,person0239@example.invalid,+919000176934,40,web,owner@example.invalid,2026-01-16
240,Priya Chopra,person0240@example.invalid,+919000706684,41,referral,owner@example.invalid,2026-01-17
241,Jaya Chopra,person0241@example.invalid,+919000388992,42,web,owner@example.invalid,2026-01-18
242,Aarav Mishra,person0242@example.invalid,+919000919456,43,referral,owner@example.invalid,2026-01-19
243,Kabir Mishra,person0243@example.invalid,+919000161593,44,web,owner@example.invalid,2026-01-20
244,Diya Reddy,person0244@example.invalid,+919000591111,45,web,owner@example.invalid,2026-01-21
245,Diya Sharma,person0245@example.invalid,+919000657384,46,web,owner@example.invalid,2026-01-22
246,Pooja Menon,person0246@example.invalid,+919000320718,47,web,owner@example.invalid,2026-01-23
247,Aarav Chopra,person0247@example.invalid,+919000604763,48,web,owner@example.invalid,2026-01-24
248,Anika Menon,person0248@example.invalid,+919000668653,49,web,owner@example.invalid,2026-01-25
249,Yash Das,person0249@example.invalid,+919000955749,50,web,owner@example.invalid,2026-01-26
250,Aarav Sharma,person0250@example.invalid,+919000315804,51,referral,owner@example.invalid,2026-01-27
251,Naina Kaur,person0251@example.invalid,+919000665382,52,web,owner@example.invalid,2026-01-28
252,Harsh Kaur,person0252@example.invalid,+919000306450,53,web,owner@example.invalid,2026-01-01
253,Qasim Menon,person0253@example.invalid,+919000468966,54,referral,owner@example.invalid,2026-01-02
254,Anika Kulkarni,person0254@example.invalid,+919000204110,55,referral,owner@example.invalid,2026-01-03
255,Rohan Chauhan,person0255@example.invalid,+919000191478,56,web,owner@example.invalid,2026-01-04
256,Anaya Sharma,person0256@example.invalid,+919000946048,57,referral,owner@example.invalid,2026-01-05
257,Vivaan Gupta,person0257@example.invalid,+919000829958,58,referral,owner@example.invalid,2026-01-06
258,Mohan Patel,person0258@example.invalid,+919000616765,59,referral,owner@example.invalid,2026-01-07
259,Sahil Kaur,person0259@example.invalid,+919000516987,60,referral,owner@example.invalid,2026-01-08
260,Om Gupta,person0260@example.invalid,+919000878699,61,web,owner@example.invalid,2026-01-09
261,Mohan Joshi,person0261@example.invalid,+919000983732,62,web,owner@example.invalid,2026-01-10
262,Aarav Bhatt,person0262@example.invalid,+919000592628,63,referral,owner@example.invalid,2026-01-11
263,Sahil Kulkarni,person0263@example.invalid,+919000649086,64,referral,owner@example.invalid,2026-01-12
264,Zara Bose,person0264@example.invalid,+919000780978,65,web,owner@example.invalid,2026-01-13
265,Gauri Chopra,person0265@example.invalid,+919000137446,66,web,owner@example.invalid,2026-01-14
266,Dev Yadav,person0266@example.invalid,+919000285855,67,web,owner@example.invalid,2026-01-15
267,Neha Chopra,person0267@example.invalid,+919000848986,68,web,owner@example.invalid,2026-01-16
268,Sahil Chopra,person0268@example.invalid,+919000893375,69,web,owner@example.invalid,2026-01-17
269,Harsh Verma,person0269@example.invalid,+919000540516,70,referral,owner@example.invalid,2026-01-18
270,Kunal Iyer,person0270@example.invalid,+919000191538,71,referral,owner@example.invalid,2026-01-19
271,Om Rao,person0271@example.invalid,+919000142421,72,web,owner@example.invalid,2026-01-20
272,Aisha Rao,person0272@example.invalid,+919000879978,73,referral,owner@example.invalid,2026-01-21
273,Tara Chopra,person0273@example.invalid,+919000659664,74,web,owner@example.invalid,2026-01-22
274,Priya Yadav,person0274@example.invalid,+919000357876,75,referral,owner@example.invalid,2026-01-23
275,Karan Nair,person0275@example.invalid,+919000709771,76,referral,owner@example.invalid,2026-01-24
276,Lata Sharma,person0276@example.invalid,+919000142945,77,web,owner@example.invalid,2026-01-25
277,Vivaan Singh,person0277@example.invalid,+919000371168,78,referral,owner@example.invalid,2026-01-26
278,Qasim Rao,person0278@example.invalid,+919000917327,79,web,owner@example.invalid,2026-01-27
279,Kabir Sharma,person0279@example.invalid,+919000365454,80,referral,owner@example.invalid,2026-01-28
280,Jaya Nair,person0280@example.invalid,+919000263653,81,referral,owner@example.invalid,2026-01-01
281,Aisha Patel,person0281@example.invalid,+919000522853,82,web,owner@example.invalid,2026-01-02
282,Vivaan Chauhan,person0282@example.invalid,+919000812128,83,web,owner@example.invalid,2026-01-03
283,Anaya Singh,person0283@example.invalid,+919000892649,84,web,owner@example.invalid,2026-01-04
284,Anika Menon,person0284@example.invalid,+919000932023,85,web,owner@example.invalid,2026-01-05
285,Kunal Agarwal,person0285@example.invalid,+919000542065,86,referral,owner@example.invalid,2026-01-06
286,Priya Kaur,person0286@example.invalid,+919000633038,87,referral,owner@example.invalid,2026-01-07
287,Harsh Bose,person0287@example.invalid,+919000765155,88,referral,owner@example.invalid,2026-01-08
288,Meera Singh,person0288@example.invalid,+919000317676,89,web,owner@example.invalid,2026-01-09
289,Riya Patel,person0289@example.invalid,+919000463021,90,web,owner@example.invalid,2026-01-10
290,Anaya Kaur,person0290@example.invalid,+919000554973,91,web,owner@example.invalid,2026-01-11
291,Rohan Iyer,person0291@example.invalid,+919000363627,92,web,owner@example.invalid,2026-01-12
292,Ishaan Joshi,person0292@example.invalid,+919000402315,93,referral,owner@example.invalid,2026-01-13
293,Jaya Bose,person0293@example.invalid,+919000859079,94,referral,owner@example.invalid,2026-01-14
294,Kavya Rao,person0294@example.invalid,+919000571455,95,referral,owner@example.invalid,2026-01-15
295,Anika Kaur,person0295@example.invalid,+919000785082,96,web,owner@example.invalid,2026-01-16
296,Anika Iyer,person0296@example.invalid,+919000649837,97,referral,owner@example.invalid,2026-01-17
297,Ira Bhatt,person0297@example.invalid,+919000603873,98,referral,owner@example.invalid,2026-01-18
298,Meera Bhatt,person0298@example.invalid,+919000678958,99,web,owner@example.invalid,2026-01-19
299,Neha Patel,person0299@example.invalid,+919000377905,100,referral,owner@example.invalid,2026-01-20
300,Om Mishra,person0300@example.invalid,+919000324332,101,referral,owner@example.invalid,2026-01-21
301,Om Verma,person0301@example.invalid,+919000213442,102,referral,owner@example.invalid,2026-01-22
302,Nikhil Bhatt,person0302@example.invalid,+919000653470,103,referral,owner@example.invalid,2026-01-23
303,Rohan Das,person0303@example.invalid,+919000894930,104,web,owner@example.invalid,2026-01-24
304,Dev Iyer,person0304@example.invalid,+919000791005,105,web,owner@example.invalid,2026-01-25
305,Omar Desai,person0305@example.invalid,+919000632588,106,referral,owner@example.invalid,2026-01-26
306,Yash Pillai,person0306@example.invalid,+919000264998,107,referral,owner@example.invalid,2026-01-27
307,Ira Kaur,person0307@example.invalid,+919000281310,108,web,owner@example.invalid,2026-01-28
308,Sahil Reddy,person0308@example.invalid,+919000274261,109,referral,owner@example.invalid,2026-01-01
309,Simran Pillai,person0309@example.invalid,+919000205754,110,referral,owner@example.invalid,2026-01-02
310,Diya Verma,person0310@example.invalid,+919000646630,111,web,owner@example.invalid,2026-01-03
311,Yash Khan,person0311@example.invalid,+919000513274,112,referral,owner@example.invalid,2026-01-04
312,Tara Iyer,person0312@example.invalid,+919000910688,113,referral,owner@example.invalid,2026-01-05
313,Karan Agarwal,person0313@example.invalid,+919000941211,114,web,owner@example.invalid,2026-01-06
314,Harsh Gupta,person0314@example.invalid,+919000137875,115,web,owner@example.invalid,2026-01-07
315,Anaya Pillai,person0315@example.invalid,+919000466184,116,referral,owner@example.invalid,2026-01-08
316,Tara Singh,person0316@example.invalid,+919000732834,117,referral,owner@example.invalid,2026-01-09
317,Qasim Agarwal,person0317@example.invalid,+919000587952,118,web,owner@example.invalid,2026-01-10
318,Aisha Menon,person0318@example.invalid,+919000247245,119,referral,owner@example.invalid,2026-01-11
319,Rohan Menon,person0319@example.invalid,+919000467193,120,referral,owner@example.invalid,2026-01-12
320,Sahil Agarwal,person0320@example.invalid,+919000308938,121,referral,owner@example.invalid,2026-01-13
321,Aditya Khan,person0321@example.invalid,+919000692978,122,web,owner@example.invalid,2026-01-14
322,Gauri Kulkarni,person0322@example.invalid,+919000681246,123,referral,owner@example.invalid,2026-01-15
323,Dev Joshi,person0323@example.invalid,+919000777649,124,web,owner@example.invalid,2026-01-16
324,Kunal Mishra,person0324@example.invalid,+919000538248,125,web,owner@example.invalid,2026-01-17
325,Dev Rao,person0325@example.invalid,+919000593509,126,referral,owner@example.invalid,2026-01-18
326,Nikhil Reddy,person0326@example.invalid,+919000488826,127,web,owner@example.invalid,2026-01-19
327,Mohan Singh,person0327@example.invalid,+919000601486,128,referral,owner@example.invalid,2026-01-20
328,Neha Joshi,person0328@example.invalid,+919000639747,129,referral,owner@example.invalid,2026-01-21
329,Diya Verma,person0329@example.invalid,+919000464665,130,web,owner@example.invalid,2026-01-22
330,Ishaan Iyer,person0330@example.invalid,+919000764311,131,referral,owner@example.invalid,2026-01-23
331,Dev Kulkarni,person0331@example.invalid,+919000752627,132,web,owner@example.invalid,2026-01-24
332,Dev Yadav,person0332@example.invalid,+919000461391,133,web,owner@example.invalid,2026-01-25
333,Yash Verma,person0333@example.invalid,+919000391555,134,referral,owner@example.invalid,2026-01-26
334,Pooja Kulkarni,person0334@example.invalid,+919000529129,135,web,owner@example.invalid,2026-01-27
335,Pooja Kaur,person0335@example.invalid,+919000171693,136,web,owner@example.invalid,2026-01-28
336,Arjun Nair,person0336@example.invalid,+919000344182,137,web,owner@example.invalid,2026-01-01
337,Mohan Bhatt,person0337@example.invalid,+919000310067,138,web,owner@example.invalid,2026-01-02
338,Aarav Nair,person0338@example.invalid,+919000108702,139,web,owner@example.invalid,2026-01-03
339,Riya Verma,person0339@example.invalid,+919000159068,140,referral,owner@example.invalid,2026-01-04
340,Varun Sharma,person0340@example.invalid,+919000253788,141,web,owner@example.invalid,2026-01-05
341,Sahil Yadav,person0341@example.invalid,+919000884883,142,referral,owner@example.invalid,2026-01-06
342,Neha Verma,person0342@example.invalid,+919000145793,143,web,owner@example.invalid,2026-01-07
343,Riya Iyer,person0343@example.invalid,+919000751310,144,referral,owner@example.invalid,2026-01-08
344,Rohan Reddy,person0344@example.invalid,+919000573294,145,web,owner@example.invalid,2026-01-09
345,Anaya Singh,person0345@example.invalid,+919000250995,146,web,owner@example.invalid,2026-01-10
346,Harsh Desai,person0346@example.invalid,+919000179384,147,referral,owner@example.invalid,2026-01-11
347,Nikhil Sharma,person0347@example.invalid,+919000515680,148,referral,owner@example.invalid,2026-01-12
348,Priya Bhatt,person0348@example.invalid,+919000909255,149,web,owner@example.invalid,2026-01-13
349,Sneha Kaur,person0349@example.invalid,+919000711752,150,web,owner@example.invalid,2026-01-14
350,Ishaan Verma,person0350@example.invalid,+919000995112,151,referral,owner@example.invalid,2026-01-15
351,Varun Chopra,person0351@example.invalid,+919000215616,152,web,owner@example.invalid,2026-01-16
352,Payal Joshi,person0352@example.invalid,+919000619470,153,web,owner@example.invalid,2026-01-17
353,Rohan Mishra,person0353@example.invalid,+919000481980,154,referral,owner@example.invalid,2026-01-18
354,Vivaan Das,person0354@example.invalid,+919000277965,155,referral,owner@example.invalid,2026-01-19
355,Kabir Chauhan,person0355@example.invalid,+919000951665,156,web,owner@example.invalid,2026-01-20
356,Lata Singh,person0356@example.invalid,+919000588451,157,web,owner@example.invalid,2026-01-21
357,Sneha Bose,person0357@example.invalid,+919000194169,158,referral,owner@example.invalid,2026-01-22
358,Meera Agarwal,person0358@example.invalid,+919000446494,159,web,owner@example.invalid,2026-01-23
359,Priya Kaur,person0359@example.invalid,+919000724614,160,referral,owner@example.invalid,2026-01-24
360,Yash Joshi,person0360@example.invalid,+919000100287,161,web,owner@example.invalid,2026-01-25
361,Aisha Bose,person0361@example.invalid,+919000731108,162,referral,owner@example.invalid,2026-01-26
362,Mohan Kaur,person0362@example.invalid,+919000919268,163,referral,owner@example.invalid,2026-01-27
363,Mohan Menon,person0363@example.invalid,+919000949546,164,web,owner@example.invalid,2026-01-28
364,Varun Menon,person0364@example.invalid,+919000635767,165,referral,owner@example.invalid,2026-01-01
365,Karan Chopra,person0365@example.invalid,+919000796197,166,web,owner@example.invalid,2026-01-02
366,Omar Nair,person0366@example.invalid,+919000609410,167,referral,owner@example.invalid,2026-01-03
367,Diya Rao,person0367@example.invalid,+919000153647,168,referral,owner@example.invalid,2026-01-04
368,Kavya Pillai,person0368@example.invalid,+919000400157,169,web,owner@example.invalid,2026-01-05
369,Vivaan Reddy,person0369@example.invalid,+919000740419,170,referral,owner@example.invalid,2026-01-06
370,Aarav Khan,person0370@example.invalid,+919000147975,171,referral,owner@example.invalid,2026-01-07
371,Simran Verma,person0371@example.invalid,+919000265830,172,web,owner@example.invalid,2026-01-08
372,Gauri Bose,person0372@example.invalid,+919000920505,173,referral,owner@example.invalid,2026-01-09
373,Sahil Iyer,person0373@example.invalid,+919000860270,174,referral,owner@example.invalid,2026-01-10
374,Ira Agarwal,person0374@example.invalid,+919000366894,175,referral,owner@example.invalid,2026-01-11
375,Anaya Joshi,person0375@example.invalid,+919000859431,176,referral,owner@example.invalid,2026-01-12
376,Riya Verma,person0376@example.invalid,+919000984562,177,referral,owner@example.invalid,2026-01-13
377,Anaya Reddy,person0377@example.invalid,+919000725949,178,web,owner@example.invalid,2026-01-14
378,Dev Chauhan,person0378@example.invalid,+919000180864,179,referral,owner@example.invalid,2026-01-15
379,Priya Kaur,person0379@example.invalid,+919000341870,180,referral,owner@example.invalid,2026-01-16
380,Jaya Pillai,person0380@example.invalid,+919000947608,181,web,owner@example.invalid,2026-01-17
381,Varun Das,person0381@example.invalid,+919000469446,182,web,owner@example.invalid,2026-01-18
382,Gauri Singh,person0382@example.invalid,+919000338769,183,web,owner@example.invalid,2026-01-19
383,Pooja Gupta,person0383@example.invalid,+919000566442,184,web,owner@example.invalid,2026-01-20
384,Naina Khan,person0384@example.invalid,+919000712316,185,referral,owner@example.invalid,2026-01-21
385,Rohan Pillai,person0385@example.invalid,+919000993326,186,web,owner@example.invalid,2026-01-22
386,Diya Yadav,person0386@example.invalid,+919000413509,187,web,owner@example.invalid,2026-01-23
387,Simran Nair,person0387@example.invalid,+919000990286,188,referral,owner@example.invalid,2026-01-24
388,Nikhil Bose,person0388@example.invalid,+919000977586,189,referral,owner@example.invalid,2026-01-25
389,Vivaan Nair,person0389@example.invalid,+919000756781,190,referral,owner@example.invalid,2026-01-26
390,Gauri Mishra,person0390@example.invalid,+919000112492,191,referral,owner@example.invalid,2026-01-27
391,Aisha Agarwal,person0391@example.invalid,+919000666893,192,web,owner@example.invalid,2026-01-28
392,Ira Menon,person0392@example.invalid,+919000725275,193,web,owner@example.invalid,2026-01-01
393,Aisha Sharma,person0393@example.invalid,+919000142670,194,referral,owner@example.invalid,2026-01-02
394,Om Joshi,person0394@example.invalid,+919000731740,195,referral,owner@example.invalid,2026-01-03
395,Diya Das,person0395@example.invalid,+919000304739,196,web,owner@example.invalid,2026-01-04
396,Lata Khan,person0396@example.invalid,+919000644057,197,web,owner@example.invalid,2026-01-05
397,Payal Reddy,person0397@example.invalid,+919000160647,198,web,owner@example.invalid,2026-01-06
398,Diya Gupta,person0398@example.invalid,+919000724242,199,referral,owner@example.invalid,2026-01-07
399,Qasim Patel,person0399@example.invalid,+919000967711,200,referral,owner@example.invalid,2026-01-08
400,Tara Kulkarni,person0400@example.invalid,+919000886025,1,web,owner@example.invalid,2026-01-09
401,Lata Menon,person0401@example.invalid,+919000303984,2,referral,owner@example.invalid,2026-01-10
402,Mohan Reddy,person0402@example.invalid,+919000167056,3,referral,owner@example.invalid,2026-01-11
403,Sneha Singh,person0403@example.invalid,+919000563080,4,web,owner@example.invalid,2026-01-12
404,Ishaan Chauhan,person0404@example.invalid,+919000151079,5,referral,owner@example.invalid,2026-01-13
405,Qasim Nair,person0405@example.invalid,+919000192559,6,referral,owner@example.invalid,2026-01-14
406,Vivaan Rao,person0406@example.invalid,+919000959927,7,referral,owner@example.invalid,2026-01-15
407,Zara Mishra,person0407@example.invalid,+919000703052,8,web,owner@example.invalid,2026-01-16
408,Meera Menon,person0408@example.invalid,+919000355211,9,web,owner@example.invalid,2026-01-17
409,Anaya Iyer,person0409@example.invalid,+919000168868,10,referral,owner@example.invalid,2026-01-18
410,Jaya Sharma,person0410@example.invalid,+919000451318,11,referral,owner@example.invalid,2026-01-19
411,Ira Menon,person0411@example.invalid,+919000835196,12,referral,owner@example.invalid,2026-01-20
412,Lata Joshi,person0412@example.invalid,+919000815258,13,referral,owner@example.invalid,2026-01-21
413,Karan Iyer,person0413@example.invalid,+919000991953,14,web,owner@example.invalid,2026-01-22
414,Kavya Sharma,person0414@example.invalid,+919000871927,15,web,owner@example.invalid,2026-01-23
415,Payal Joshi,person0415@example.invalid,+919000668020,16,web,owner@example.invalid,2026-01-24
416,Diya Verma,person0416@example.invalid,+919000222343,17,referral,owner@example.invalid,2026-01-25
417,Anika Bhatt,person0417@example.invalid,+919000904875,18,referral,owner@example.invalid,2026-01-26
418,Aisha Singh,person0418@example.invalid,+919000427238,19,referral,owner@example.invalid,2026-01-27
419,Pooja Yadav,person0419@example.invalid,+919000545476,20,web,owner@example.invalid,2026-01-28
420,Arjun Menon,person0420@example.invalid,+919000334673,21,web,owner@example.invalid,2026-01-01
421,Ira Chopra,person0421@example.invalid,+919000685961,22,web,owner@example.invalid,2026-01-02
422,Payal Iyer,person0422@example.invalid,+919000295177,23,referral,owner@example.invalid,2026-01-03
423,Priya Kaur,person0423@example.invalid,+919000836754,24,web,owner@example.invalid,2026-01-04
424,Tara Desai,person0424@example.invalid,+919000180748,25,web,owner@example.invalid,2026-01-05
425,Gauri Bose,person0425@example.invalid,+919000447016,26,web,owner@example.invalid,2026-01-06
426,Pooja Khan,person0426@example.invalid,+919000796276,27,web,owner@example.invalid,2026-01-07
427,Vivaan Chopra,person0427@example.invalid,+919000704525,28,web,owner@example.invalid,2026-01-08
428,Sahil Verma,person0428@example.invalid,+919000454675,29,web,owner@example.invalid,2026-01-09
429,Kunal Reddy,person0429@example.invalid,+919000624327,30,referral,owner@example.invalid,2026-01-10
430,Priya Yadav,person0430@example.invalid,+919000316852,31,web,owner@example.invalid,2026-01-11
431,Anaya Menon,person0431@example.invalid,+919000133228,32,referral,owner@example.invalid,2026-01-12
432,Tara Menon,person0432@example.invalid,+919000848788,33,referral,owner@example.invalid,2026-01-13
433,Lata Gupta,person0433@example.invalid,+919000277508,34,web,owner@example.invalid,2026-01-14
434,Yash Joshi,person0434@example.invalid,+919000866373,35,referral,owner@example.invalid,2026-01-15
435,Rohan Pillai,person0435@example.invalid,+919000481855,36,referral,owner@example.invalid,2026-01-16
436,Aisha Menon,person0436@example.invalid,+919000750615,37,referral,owner@example.invalid,2026-01-17
437,Lata Das,person0437@example.invalid,+919000347467,38,referral,owner@example.invalid,2026-01-18
438,Anaya Iyer,person0438@example.invalid,+919000355686,39,referral,owner@example.invalid,2026-01-19
439,Harsh Mishra,person0439@example.invalid,+919000535836,40,web,owner@example.invalid,2026-01-20
440,Gauri Kulkarni,person0440@example.invalid,+919000455399,41,referral,owner@example.invalid,2026-01-21
441,Tara Chauhan,person0441@example.invalid,+919000764475,42,web,owner@example.invalid,2026-01-22
442,Pooja Pillai,person0442@example.invalid,+919000701339,43,referral,owner@example.invalid,2026-01-23
443,Riya Nair,person0443@example.invalid,+919000261497,44,referral,owner@example.invalid,2026-01-24
444,Lata Reddy,person0444@example.invalid,+919000565653,45,referral,owner@example.invalid,2026-01-25
445,Riya Yadav,person0445@example.invalid,+919000419650,46,web,owner@example.invalid,2026-01-26
446,Payal Sharma,person0446@example.invalid,+919000543546,47,web,owner@example.invalid,2026-01-27
447,Dev Khan,person0447@example.invalid,+919000557605,48,web,owner@example.invalid,2026-01-28
448,Kunal Sharma,person0448@example.invalid,+919000190145,49,web,owner@example.invalid,2026-01-01
449,Meera Verma,person0449@example.invalid,+919000742409,50,web,owner@example.invalid,2026-01-02
450,Diya Desai,person0450@example.invalid,+919000895589,51,referral,owner@example.invalid,2026-01-03
451,Jaya Agarwal,person0451@example.invalid,+919000663543,52,referral,owner@example.invalid,2026-01-04
452,Riya Chauhan,person0452@example.invalid,+919000865917,53,web,owner@example.invalid,2026-01-05
453,Aarav Das,person0453@example.invalid,+919000456907,54,referral,owner@example.invalid,2026-01-06
454,Kunal Gupta,person0454@example.invalid,+919000754859,55,referral,owner@example.invalid,2026-01-07
455,Ishaan Rao,person0455@example.invalid,+919000800434,56,referral,owner@example.invalid,2026-01-08
456,Naina Yadav,person0456@example.invalid,+919000732476,57,referral,owner@example.invalid,2026-01-09
457,Meera Sharma,person0457@example.invalid,+919000381040,58,web,owner@example.invalid,2026-01-10
458,Rahul Rao,person0458@example.invalid,+919000983923,59,referral,owner@example.invalid,2026-01-11
459,Jaya Sharma,person0459@example.invalid,+919000240426,60,web,owner@example.invalid,2026-01-12
460,Dev Bhatt,person0460@example.invalid,+919000271111,61,referral,owner@example.invalid,2026-01-13
461,Gauri Patel,person0461@example.invalid,+919000887794,62,referral,owner@example.invalid,2026-01-14
462,Aisha Chauhan,person0462@example.invalid,+919000299687,63,web,owner@example.invalid,2026-01-15
463,Zara Iyer,person0463@example.invalid,+919000567658,64,web,owner@example.invalid,2026-01-16
464,Mohan Agarwal,person0464@example.invalid,+919000978303,65,referral,owner@example.invalid,2026-01-17
465,Gauri Agarwal,person0465@example.invalid,+919000215411,66,web,owner@example.invalid,2026-01-18
466,Aisha Reddy,person0466@example.invalid,+919000932425,67,referral,owner@example.invalid,2026-01-19
467,Priya Pillai,person0467@example.invalid,+919000873493,68,web,owner@example.invalid,2026-01-20
468,Harsh Mishra,person0468@example.invalid,+919000216939,69,referral,owner@example.invalid,2026-01-21
469,Diya Bhatt,person0469@example.invalid,+919000783417,70,referral,owner@example.invalid,2026-01-22
470,Meera Chopra,person0470@example.invalid,+919000923712,71,web,owner@example.invalid,2026-01-23
471,Gauri Desai,person0471@example.invalid,+919000451275,72,referral,owner@example.invalid,2026-01-24
472,Kunal Reddy,person0472@example.invalid,+919000512263,73,referral,owner@example.invalid,2026-01-25
473,Diya Yadav,person0473@example.invalid,+919000861969,74,web,owner@example.invalid,2026-01-26
474,Sahil Verma,person0474@example.invalid,+919000917289,75,web,owner@example.invalid,2026-01-27
475,Nikhil Desai,person0475@example.invalid,+919000989543,76,web,owner@example.invalid,2026-01-28
476,Kabir Bhatt,person0476@example.invalid,+919000106934,77,web,owner@example.invalid,2026-01-01
477,Aditya Rao,person0477@example.invalid,+919000102990,78,web,owner@example.invalid,2026-01-02
478,Aisha Das,person0478@example.invalid,+919000223989,79,referral,owner@example.invalid,2026-01-03
479,Aisha Das,person0479@example.invalid,+919000853406,80,referral,owner@example.invalid,2026-01-04
480,Rahul Nair,person0480@example.invalid,+919000408249,81,web,owner@example.invalid,2026-01-05
481,Payal Verma,person0481@example.invalid,+919000298971,82,referral,owner@example.invalid,2026-01-06
482,Riya Kaur,person0482@example.invalid,+919000510027,83,web,owner@example.invalid,2026-01-07
483,Yash Kulkarni,person0483@example.invalid,+919000347557,84,referral,owner@example.invalid,2026-01-08
484,Gauri Nair,person0484@example.invalid,+919000335127,85,web,owner@example.invalid,2026-01-09
485,Anaya Chauhan,person0485@example.invalid,+919000561287,86,web,owner@example.invalid,2026-01-10
486,Ishaan Rao,person0486@example.invalid,+919000960069,87,web,owner@example.invalid,2026-01-11
487,Meera Gupta,person0487@example.invalid,+919000918460,88,referral,owner@example.invalid,2026-01-12
488,Jaya Bhatt,person0488@example.invalid,+919000531564,89,web,owner@example.invalid,2026-01-13
489,Payal Bose,person0489@example.invalid,+919000377812,90,referral,owner@example.invalid,2026-01-14
490,Sahil Bose,person0490@example.invalid,+919000873009,91,web,owner@example.invalid,2026-01-15
491,Rohan Joshi,person0491@example.invalid,+919000966952,92,web,owner@example.invalid,2026-01-16
492,Ishaan Kulkarni,person0492@example.invalid,+919000491908,93,web,owner@example.invalid,2026-01-17
493,Sneha Rao,person0493@example.invalid,+919000446344,94,web,owner@example.invalid,2026-01-18
494,Mohan Verma,person0494@example.invalid,+919000564392,95,referral,owner@example.invalid,2026-01-19
495,Jaya Yadav,person0495@example.invalid,+919000526643,96,web,owner@example.invalid,2026-01-20
496,Ira Mishra,person0496@example.invalid,+919000754751,97,referral,owner@example.invalid,2026-01-21
497,Kunal Gupta,person0497@example.invalid,+919000272637,98,web,owner@example.invalid,2026-01-22
498,Aditya Chauhan,person0498@example.invalid,+919000615936,99,web,owner@example.invalid,2026-01-23
499,Sneha Pillai,person0499@example.invalid,+919000441311,100,referral,owner@example.invalid,2026-01-24
500,Aisha Rao,person0500@example.invalid,+919000166423,101,web,owner@example.invalid,2026-01-25
501,Varun Nair,person0501@example.invalid,+919000415812,102,web,owner@example.invalid,2026-01-26
502,Omar Yadav,person0502@example.invalid,+919000736841,103,web,owner@example.invalid,2026-01-27
503,Qasim Chauhan,person0503@example.invalid,+919000945433,104,web,owner@example.invalid,2026-01-28
504,Lata Bose,person0504@example.invalid,+919000237750,105,web,owner@example.invalid,2026-01-01
505,Diya Khan,person0505@example.invalid,+919000224901,106,web,owner@example.invalid,2026-01-02
506,Sahil Reddy,person0506@example.invalid,+919000599776,107,web,owner@example.invalid,2026-01-03
507,Harsh Bose,person0507@example.invalid,+919000497390,108,web,owner@example.invalid,2026-01-04
508,Gauri Singh,person0508@example.invalid,+919000838493,109,referral,owner@example.invalid,2026-01-05
509,Naina Agarwal,person0509@example.invalid,+919000443862,110,web,owner@example.invalid,2026-01-06
510,Riya Pillai,person0510@example.invalid,+919000991064,111,web,owner@example.invalid,2026-01-07
511,Arjun Bhatt,person0511@example.invalid,+919000820298,112,referral,owner@example.invalid,2026-01-08
512,Rohan Gupta,person0512@example.invalid,+919000491976,113,web,owner@example.invalid,2026-01-09
513,Karan Yadav,person0513@example.invalid,+919000778326,114,web,owner@example.invalid,2026-01-10
514,Simran Yadav,person0514@example.invalid,+919000610751,115,referral,owner@example.invalid,2026-01-11
515,Meera Das,person0515@example.invalid,+919000301018,116,referral,owner@example.invalid,2026-01-12
516,Riya Das,person0516@example.invalid,+919000333167,117,web,owner@example.invalid,2026-01-13
517,Pooja Bose,person0517@example.invalid,+919000705922,118,web,owner@example.invalid,2026-01-14
518,Omar Das,person0518@example.invalid,+919000706603,119,web,owner@example.invalid,2026-01-15
519,Rahul Agarwal,person0519@example.invalid,+919000537765,120,referral,owner@example.invalid,2026-01-16
520,Dev Chauhan,person0520@example.invalid,+919000160140,121,web,owner@example.invalid,2026-01-17
521,Anaya Das,person0521@example.invalid,+919000272213,122,referral,owner@example.invalid,2026-01-18
522,Mohan Patel,person0522@example.invalid,+919000429042,123,web,owner@example.invalid,2026-01-19
523,Varun Verma,person0523@example.invalid,+919000873954,124,referral,owner@example.invalid,2026-01-20
524,Sahil Menon,person0524@example.invalid,+919000748029,125,referral,owner@example.invalid,2026-01-21
525,Harsh Bose,person0525@example.invalid,+919000180069,126,referral,owner@example.invalid,2026-01-22
526,Aarav Joshi,person0526@example.invalid,+919000288077,127,web,owner@example.invalid,2026-01-23
527,Vivaan Kaur,person0527@example.invalid,+919000841730,128,web,owner@example.invalid,2026-01-24
528,Kavya Reddy,person0528@example.invalid,+919000910447,129,web,owner@example.invalid,2026-01-25
529,Naina Pillai,person0529@example.invalid,+919000831746,130,referral,owner@example.invalid,2026-01-26
530,Rahul Bhatt,person0530@example.invalid,+919000342805,131,web,owner@example.invalid,2026-01-27
531,Riya Gupta,person0531@example.invalid,+919000337198,132,web,owner@example.invalid,2026-01-28
532,Sneha Chopra,person0532@example.invalid,+919000321854,133,referral,owner@example.invalid,2026-01-01
533,Diya Chopra,person0533@example.invalid,+919000729867,134,web,owner@example.invalid,2026-01-02
534,Riya Gupta,person0534@example.invalid,+919000943546,135,referral,owner@example.invalid,2026-01-03
535,Meera Desai,person0535@example.invalid,+919000740318,136,referral,owner@example.invalid,2026-01-04
536,Omar Mishra,person0536@example.invalid,+919000997244,137,referral,owner@example.invalid,2026-01-05
537,Yash Kaur,person0537@example.invalid,+919000849520,138,web,owner@example.invalid,2026-01-06
538,Pooja Mishra,person0538@example.invalid,+919000401276,139,web,owner@example.invalid,2026-01-07
539,Neha Gupta,person0539@example.invalid,+919000276001,140,referral,owner@example.invalid,2026-01-08
540,Tara Bose,person0540@example.invalid,+919000271913,141,web,owner@example.invalid,2026-01-09
541,Harsh Reddy,person0541@example.invalid,+919000522169,142,web,owner@example.invalid,2026-01-10
542,Pooja Patel,person0542@example.invalid,+919000896457,143,web,owner@example.invalid,2026-01-11
543,Kunal Joshi,person0543@example.invalid,+919000914009,144,web,owner@example.invalid,2026-01-12
544,Aisha Singh,person0544@example.invalid,+919000813882,145,web,owner@example.invalid,2026-01-13
545,Yash Yadav,person0545@example.invalid,+919000413264,146,web,owner@example.invalid,2026-01-14
546,Mohan Khan,person0546@example.invalid,+919000887840,147,web,owner@example.invalid,2026-01-15
547,Jaya Das,person0547@example.invalid,+919000211719,148,web,owner@example.invalid,2026-01-16
548,Rohan Pillai,person0548@example.invalid,+919000287772,149,web,owner@example.invalid,2026-01-17
549,Mohan Kulkarni,person0549@example.invalid,+919000905557,150,referral,owner@example.invalid,2026-01-18
550,Ishaan Reddy,person0550@example.invalid,+919000673170,151,referral,owner@example.invalid,2026-01-19
551,Yash Khan,person0551@example.invalid,+919000570857,152,web,owner@example.invalid,2026-01-20
552,Aarav Desai,person0552@example.invalid,+919000961330,153,referral,owner@example.invalid,2026-01-21
553,Karan Khan,person0553@example.invalid,+919000315848,154,referral,owner@example.invalid,2026-01-22
554,Rohan Agarwal,person0554@example.invalid,+919000479989,155,referral,owner@example.invalid,2026-01-23
555,Karan Bhatt,person0555@example.invalid,+919000374030,156,referral,owner@example.invalid,2026-01-24
556,Rohan Verma,person0556@example.invalid,+919000894775,157,web,owner@example.invalid,2026-01-25
557,Tara Bhatt,person0557@example.invalid,+919000822951,158,referral,owner@example.invalid,2026-01-26
558,Aisha Desai,person0558@example.invalid,+919000221969,159,referral,owner@example.invalid,2026-01-27
559,Aarav Bhatt,person0559@example.invalid,+919000595880,160,referral,owner@example.invalid,2026-01-28
560,Simran Kaur,person0560@example.invalid,+919000676247,161,referral,owner@example.invalid,2026-01-01
561,Naina Khan,person0561@example.invalid,+919000328255,162,referral,owner@example.invalid,2026-01-02
562,Anika Kulkarni,person0562@example.invalid,+919000428595,163,referral,owner@example.invalid,2026-01-03
563,Payal Patel,person0563@example.invalid,+919000393196,164,web,owner@example.invalid,2026-01-04
564,Neha Kulkarni,person0564@example.invalid,+919000667538,165,referral,owner@example.invalid,2026-01-05
565,Lata Menon,person0565@example.invalid,+919000967696,166,referral,owner@example.invalid,2026-01-06
566,Mohan Das,person0566@example.invalid,+919000513915,167,web,owner@example.invalid,2026-01-07
567,Om Nair,person0567@example.invalid,+919000986335,168,web,owner@example.invalid,2026-01-08
568,Sahil Pillai,person0568@example.invalid,+919000134613,169,referral,owner@example.invalid,2026-01-09
569,Ira Das,person0569@example.invalid,+919000203971,170,web,owner@example.invalid,2026-01-10
570,Anaya Khan,person0570@example.invalid,+919000617142,171,web,owner@example.invalid,2026-01-11
571,Ishaan Kulkarni,person0571@example.invalid,+919000734361,172,web,owner@example.invalid,2026-01-12
572,Nikhil Chopra,person0572@example.invalid,+919000130535,173,web,owner@example.invalid,2026-01-13
573,Meera Sharma,person0573@example.invalid,+919000995719,174,referral,owner@example.invalid,2026-01-14
574,Ira Verma,person0574@example.invalid,+919000411741,175,referral,owner@example.invalid,2026-01-15
575,Ishaan Bose,person0575@example.invalid,+919000872876,176,web,owner@example.invalid,2026-01-16
576,Riya Patel,person0576@example.invalid,+919000950504,177,web,owner@example.invalid,2026-01-17
577,Tara Rao,person0577@example.invalid,+919000253066,178,web,owner@example.invalid,2026-01-18
578,Payal Nair,person0578@example.invalid,+919000552299,179,web,owner@example.invalid,2026-01-19
579,Sahil Kulkarni,person0579@example.invalid,+919000536427,180,web,owner@example.invalid,2026-01-20
580,Riya Desai,person0580@example.invalid,+919000752358,181,referral,owner@example.invalid,2026-01-21
581,Aisha Kaur,person0581@example.invalid,+919000135435,182,referral,owner@example.invalid,2026-01-22
582,Gauri Singh,person0582@example.invalid,+919000224329,183,referral,owner@example.invalid,2026-01-23
583,Aisha Chopra,person0583@example.invalid,+919000123947,184,web,owner@example.invalid,2026-01-24
584,Ira Mishra,person0584@example.invalid,+919000609958,185,web,owner@example.invalid,2026-01-25
585,Aarav Reddy,person0585@example.invalid,+919000566921,186,web,owner@example.invalid,2026-01-26
586,Aisha Menon,person0586@example.invalid,+919000501409,187,referral,owner@example.invalid,2026-01-27
587,Naina Bhatt,person0587@example.invalid,+919000721969,188,web,owner@example.invalid,2026-01-28
588,Aditya Nair,person0588@example.invalid,+919000511505,189,web,owner@example.invalid,2026-01-01
589,Diya Desai,person0589@example.invalid,+919000318974,190,referral,owner@example.invalid,2026-01-02
590,Naina Sharma,person0590@example.invalid,+919000830972,191,web,owner@example.invalid,2026-01-03
591,Anika Singh,person0591@example.invalid,+919000740511,192,web,owner@example.invalid,2026-01-04
592,Jaya Das,person0592@example.invalid,+919000611376,193,web,owner@example.invalid,2026-01-05
593,Vivaan Singh,person0593@example.invalid,+919000281060,194,web,owner@example.invalid,2026-01-06
594,Anaya Gupta,person0594@example.invalid,+919000730668,195,referral,owner@example.invalid,2026-01-07
595,Meera Das,person0595@example.invalid,+919000812510,196,web,owner@example.invalid,2026-01-08
596,Yash Chopra,person0596@example.invalid,+919000912570,197,referral,owner@example.invalid,2026-01-09
597,Karan Desai,person0597@example.invalid,+919000338582,198,web,owner@example.invalid,2026-01-10
598,Rahul Agarwal,person0598@example.invalid,+919000515935,199,web,owner@example.invalid,2026-01-11
599,Aisha Reddy,person0599@example.invalid,+919000966076,200,web,owner@example.invalid,2026-01-12
600,Kabir Iyer,person0600@example.invalid,+919000820720,1,referral,owner@example.invalid,2026-01-13
601,Sahil Nair,person0601@example.invalid,+919000889410,2,web,owner@example.invalid,2026-01-14
602,Anaya Gupta,person0602@example.invalid,+919000776926,3,web,owner@example.invalid,2026-01-15
603,Varun Pillai,person0603@example.invalid,+919000827612,4,web,owner@example.invalid,2026-01-16
604,Rahul Agarwal,person0604@example.invalid,+919000411648,5,referral,owner@example.invalid,2026-01-17
605,Lata Patel,person0605@example.invalid,+919000786778,6,web,owner@example.invalid,2026-01-18
606,Anika Mishra,person0606@example.invalid,+919000110237,7,web,owner@example.invalid,2026-01-19
607,Nikhil Kulkarni,person0607@example.invalid,+919000510019,8,referral,owner@example.invalid,2026-01-20
608,Zara Kaur,person0608@example.invalid,+919000232941,9,referral,owner@example.invalid,2026-01-21
609,Varun Joshi,person0609@example.invalid,+919000686560,10,web,owner@example.invalid,2026-01-22
610,Zara Sharma,person0610@example.invalid,+919000882135,11,referral,owner@example.invalid,2026-01-23
611,Lata Iyer,person0611@example.invalid,+919000647052,12,web,owner@example.invalid,2026-01-24
612,Diya Chauhan,person0612@example.invalid,+919000911381,13,referral,owner@example.invalid,2026-01-25
613,Om Bhatt,person0613@example.invalid,+919000478808,14,web,owner@example.invalid,2026-01-26
614,Harsh Iyer,person0614@example.invalid,+919000572066,15,web,owner@example.invalid,2026-01-27
615,Aisha Bose,person0615@example.invalid,+919000276267,16,web,owner@example.invalid,2026-01-28
616,Pooja Gupta,person0616@example.invalid,+919000238414,17,web,owner@example.invalid,2026-01-01
617,Aditya Nair,person0617@example.invalid,+919000339333,18,web,owner@example.invalid,2026-01-02
618,Lata Rao,person0618@example.invalid,+919000193906,19,referral,owner@example.invalid,2026-01-03
619,Kavya Pillai,person0619@example.invalid,+919000841651,20,web,owner@example.invalid,2026-01-04
620,Ishaan Mishra,person0620@example.invalid,+919000442793,21,referral,owner@example.invalid,2026-01-05
621,Payal Bose,person0621@example.invalid,+919000470981,22,web,owner@example.invalid,2026-01-06
622,Kavya Kulkarni,person0622@example.invalid,+919000526897,23,web,owner@example.invalid,2026-01-07
623,Sneha Kaur,person0623@example.invalid,+919000894152,24,referral,owner@example.invalid,2026-01-08
624,Ira Gupta,person0624@example.invalid,+919000449469,25,web,owner@example.invalid,2026-01-09
625,Arjun Yadav,person0625@example.invalid,+919000769518,26,web,owner@example.invalid,2026-01-10
626,Lata Patel,person0626@example.invalid,+919000500296,27,web,owner@example.invalid,2026-01-11
627,Karan Bhatt,person0627@example.invalid,+919000379302,28,web,owner@example.invalid,2026-01-12
628,Meera Das,person0628@example.invalid,+919000773173,29,web,owner@example.invalid,2026-01-13
629,Vivaan Pillai,person0629@example.invalid,+919000649264,30,web,owner@example.invalid,2026-01-14
630,Mohan Desai,person0630@example.invalid,+919000148753,31,web,owner@example.invalid,2026-01-15
631,Tara Khan,person0631@example.invalid,+919000801219,32,referral,owner@example.invalid,2026-01-16
632,Jaya Kulkarni,person0632@example.invalid,+919000412739,33,web,owner@example.invalid,2026-01-17
633,Priya Reddy,person0633@example.invalid,+919000170780,34,web,owner@example.invalid,2026-01-18
634,Arjun Nair,person0634@example.invalid,+919000799552,35,web,owner@example.invalid,2026-01-19
635,Varun Khan,person0635@example.invalid,+919000800753,36,referral,owner@example.invalid,2026-01-20
636,Pooja Chopra,person0636@example.invalid,+919000508437,37,web,owner@example.invalid,2026-01-21
637,Aditya Joshi,person0637@example.invalid,+919000496277,38,web,owner@example.invalid,2026-01-22
638,Lata Kulkarni,person0638@example.invalid,+919000416877,39,web,owner@example.invalid,2026-01-23
639,Kavya Khan,person0639@example.invalid,+919000915759,40,web,owner@example.invalid,2026-01-24
640,Varun Reddy,person0640@example.invalid,+919000322382,41,referral,owner@example.invalid,2026-01-25
641,Mohan Rao,person0641@example.invalid,+919000356613,42,referral,owner@example.invalid,2026-01-26
642,Karan Singh,person0642@example.invalid,+919000236397,43,web,owner@example.invalid,2026-01-27
643,Arjun Verma,person0643@example.invalid,+919000324408,44,referral,owner@example.invalid,2026-01-28
644,Om Agarwal,person0644@example.invalid,+919000867460,45,referral,owner@example.invalid,2026-01-01
645,Payal Das,person0645@example.invalid,+919000517470,46,web,owner@example.invalid,2026-01-02
646,Aisha Pillai,person0646@example.invalid,+919000158297,47,web,owner@example.invalid,2026-01-03
647,Rohan Agarwal,person0647@example.invalid,+919000573599,48,referral,owner@example.invalid,2026-01-04
648,Diya Bhatt,person0648@example.invalid,+919000470567,49,web,owner@example.invalid,2026-01-05
649,Pooja Kaur,person0649@example.invalid,+919000823641,50,web,owner@example.invalid,2026-01-06
650,Arjun Patel,person0650@example.invalid,+919000295153,51,referral,owner@example.invalid,2026-01-07
651,Aisha Kaur,person0651@example.invalid,+919000305833,52,web,owner@example.invalid,2026-01-08
652,Kavya Chopra,person0652@example.invalid,+919000550102,53,web,owner@example.invalid,2026-01-09
653,Simran Menon,person0653@example.invalid,+919000916276,54,web,owner@example.invalid,2026-01-10
654,Zara Bose,person0654@example.invalid,+919000753810,55,referral,owner@example.invalid,2026-01-11
655,Lata Reddy,person0655@example.invalid,+919000206558,56,web,owner@example.invalid,2026-01-12
656,Anika Singh,person0656@example.invalid,+919000646155,57,referral,owner@example.invalid,2026-01-13
657,Diya Singh,person0657@example.invalid,+919000204181,58,web,owner@example.invalid,2026-01-14
658,Kabir Khan,person0658@example.invalid,+919000529358,59,referral,owner@example.invalid,2026-01-15
659,Kavya Sharma,person0659@example.invalid,+919000821464,60,referral,owner@example.invalid,2026-01-16
660,Riya Verma,person0660@example.invalid,+919000729961,61,referral,owner@example.invalid,2026-01-17
661,Rahul Sharma,person0661@example.invalid,+919000393209,62,web,owner@example.invalid,2026-01-18
662,Lata Das,person0662@example.invalid,+919000888964,63,referral,owner@example.invalid,2026-01-19
663,Kabir Chopra,person0663@example.invalid,+919000134975,64,web,owner@example.invalid,2026-01-20
664,Mohan Nair,person0664@example.invalid,+919000260982,65,web,owner@example.invalid,2026-01-21
665,Sahil Desai,person0665@example.invalid,+919000176389,66,web,owner@example.invalid,2026-01-22
666,Nikhil Chopra,person0666@example.invalid,+919000867641,67,web,owner@example.invalid,2026-01-23
667,Naina Gupta,person0667@example.invalid,+919000751756,68,referral,owner@example.invalid,2026-01-24
668,Tara Rao,person0668@example.invalid,+919000755061,69,referral,owner@example.invalid,2026-01-25
669,Kabir Patel,person0669@example.invalid,+919000311753,70,web,owner@example.invalid,2026-01-26
670,Zara Patel,person0670@example.invalid,+919000122229,71,web,owner@example.invalid,2026-01-27
671,Aarav Desai,person0671@example.invalid,+919000489675,72,web,owner@example.invalid,2026-01-28
672,Yash Kaur,person0672@example.invalid,+919000842796,73,web,owner@example.invalid,2026-01-01
673,Kunal Bose,person0673@example.invalid,+919000470664,74,referral,owner@example.invalid,2026-01-02
674,Vivaan Pillai,person0674@example.invalid,+919000299471,75,web,owner@example.invalid,2026-01-03
675,Omar Bose,person0675@example.invalid,+919000511872,76,referral,owner@example.invalid,2026-01-04
676,Riya Mishra,person0676@example.invalid,+919000545803,77,referral,owner@example.invalid,2026-01-05
677,Aarav Joshi,person0677@example.invalid,+919000334752,78,web,owner@example.invalid,2026-01-06
678,Harsh Nair,person0678@example.invalid,+919000712929,79,web,owner@example.invalid,2026-01-07
679,Aditya Das,person0679@example.invalid,+919000698366,80,web,owner@example.invalid,2026-01-08
680,Gauri Sharma,person0680@example.invalid,+919000943664,81,referral,owner@example.invalid,2026-01-09
681,Rohan Menon,person0681@example.invalid,+919000305947,82,web,owner@example.invalid,2026-01-10
682,Lata Das,person0682@example.invalid,+919000557250,83,referral,owner@example.invalid,2026-01-11
683,Yash Rao,person0683@example.invalid,+919000201200,84,referral,owner@example.invalid,2026-01-12
684,Ishaan Verma,person0684@example.invalid,+919000517260,85,referral,owner@example.invalid,2026-01-13
685,Sneha Gupta,person0685@example.invalid,+919000809735,86,web,owner@example.invalid,2026-01-14
686,Gauri Das,person0686@example.invalid,+919000702311,87,web,owner@example.invalid,2026-01-15
687,Aarav Khan,person0687@example.invalid,+919000365177,88,web,owner@example.invalid,2026-01-16
688,Kunal Pillai,person0688@example.invalid,+919000974064,89,referral,owner@example.invalid,2026-01-17
689,Jaya Kulkarni,person0689@example.invalid,+919000547604,90,referral,owner@example.invalid,2026-01-18
690,Rahul Joshi,person0690@example.invalid,+919000409868,91,web,owner@example.invalid,2026-01-19
691,Payal Pillai,person0691@example.invalid,+919000597385,92,web,owner@example.invalid,2026-01-20
692,Priya Sharma,person0692@example.invalid,+919000446778,93,referral,owner@example.invalid,2026-01-21
693,Karan Bose,person0693@example.invalid,+919000111700,94,referral,owner@example.invalid,2026-01-22
694,Payal Pillai,person0694@example.invalid,+919000653678,95,web,owner@example.invalid,2026-01-23
695,Naina Rao,person0695@example.invalid,+919000333398,96,referral,owner@example.invalid,2026-01-24
696,Riya Chopra,person0696@example.invalid,+919000763035,97,referral,owner@example.invalid,2026-01-25
697,Sneha Rao,person0697@example.invalid,+919000704991,98,web,owner@example.invalid,2026-01-26
698,Aarav Bose,person0698@example.invalid,+919000647219,99,web,owner@example.invalid,2026-01-27
699,Vivaan Das,person0699@example.invalid,+919000531077,100,referral,owner@example.invalid,2026-01-28
700,Payal Mishra,person0700@example.invalid,+919000357409,101,web,owner@example.invalid,2026-01-01
701,Omar Singh,person0701@example.invalid,+919000413630,102,web,owner@example.invalid,2026-01-02
702,Omar Bhatt,person0702@example.invalid,+919000647932,103,referral,owner@example.invalid,2026-01-03
703,Nikhil Kaur,person0703@example.invalid,+919000998387,104,web,owner@example.invalid,2026-01-04
704,Nikhil Singh,person0704@example.invalid,+919000492592,105,referral,owner@example.invalid,2026-01-05
705,Anika Nair,person0705@example.invalid,+919000269407,106,web,owner@example.invalid,2026-01-06
706,Lata Mishra,person0706@example.invalid,+919000834369,107,referral,owner@example.invalid,2026-01-07
707,Meera Reddy,person0707@example.invalid,+919000679823,108,web,owner@example.invalid,2026-01-08
708,Sahil Verma,person0708@example.invalid,+919000489948,109,web,owner@example.invalid,2026-01-09
709,Anika Nair,person0709@example.invalid,+919000220776,110,referral,owner@example.invalid,2026-01-10
710,Vivaan Iyer,person0710@example.invalid,+919000892035,111,web,owner@example.invalid,2026-01-11
711,Riya Reddy,person0711@example.invalid,+919000124518,112,web,owner@example.invalid,2026-01-12
712,Diya Verma,person0712@example.invalid,+919000918250,113,referral,owner@example.invalid,2026-01-13
713,Qasim Kaur,person0713@example.invalid,+919000350501,114,web,owner@example.invalid,2026-01-14
714,Arjun Bhatt,person0714@example.invalid,+919000723336,115,referral,owner@example.invalid,2026-01-15
715,Payal Kulkarni,person0715@example.invalid,+919000839227,116,web,owner@example.invalid,2026-01-16
716,Rahul Verma,person0716@example.invalid,+919000776719,117,web,owner@example.invalid,2026-01-17
717,Sneha Bose,person0717@example.invalid,+919000155313,118,referral,owner@example.invalid,2026-01-18
718,Aarav Chopra,person0718@example.invalid,+919000128803,119,referral,owner@example.invalid,2026-01-19
719,Om Sharma,person0719@example.invalid,+919000269158,120,referral,owner@example.invalid,2026-01-20
720,Jaya Yadav,person0720@example.invalid,+919000768567,121,web,owner@example.invalid,2026-01-21
721,Priya Rao,person0721@example.invalid,+919000638692,122,web,owner@example.invalid,2026-01-22
722,Aisha Gupta,person0722@example.invalid,+919000860551,123,referral,owner@example.invalid,2026-01-23
723,Aditya Mishra,person0723@example.invalid,+919000981123,124,referral,owner@example.invalid,2026-01-24
724,Karan Kaur,person0724@example.invalid,+919000228160,125,web,owner@example.invalid,2026-01-25
725,Riya Joshi,person0725@example.invalid,+919000382818,126,referral,owner@example.invalid,2026-01-26
726,Ishaan Iyer,person0726@example.invalid,+919000163348,127,referral,owner@example.invalid,2026-01-27
727,Riya Patel,person0727@example.invalid,+919000447436,128,web,owner@example.invalid,2026-01-28
728,Karan Bhatt,person0728@example.invalid,+919000524517,129,referral,owner@example.invalid,2026-01-01
729,Diya Desai,person0729@example.invalid,+919000770780,130,referral,owner@example.invalid,2026-01-02
730,Diya Bose,person0730@example.invalid,+919000537176,131,referral,owner@example.invalid,2026-01-03
731,Jaya Patel,person0731@example.invalid,+919000346372,132,web,owner@example.invalid,2026-01-04
732,Pooja Rao,person0732@example.invalid,+919000547471,133,referral,owner@example.invalid,2026-01-05
733,Varun Yadav,person0733@example.invalid,+919000768469,134,web,owner@example.invalid,2026-01-06
734,Arjun Bhatt,person0734@example.invalid,+919000837431,135,web,owner@example.invalid,2026-01-07
735,Zara Desai,person0735@example.invalid,+919000674919,136,web,owner@example.invalid,2026-01-08
736,Nikhil Chopra,person0736@example.invalid,+919000942068,137,referral,owner@example.invalid,2026-01-09
737,Diya Singh,person0737@example.invalid,+919000333973,138,referral,owner@example.invalid,2026-01-10
738,Dev Gupta,person0738@example.invalid,+919000740143,139,web,owner@example.invalid,2026-01-11
739,Aditya Pillai,person0739@example.invalid,+919000548048,140,referral,owner@example.invalid,2026-01-12
740,Riya Rao,person0740@example.invalid,+919000450428,141,referral,owner@example.invalid,2026-01-13
741,Harsh Desai,person0741@example.invalid,+919000603297,142,web,owner@example.invalid,2026-01-14
742,Rohan Khan,person0742@example.invalid,+919000616776,143,web,owner@example.invalid,2026-01-15
743,Anaya Verma,person0743@example.invalid,+919000492201,144,web,owner@example.invalid,2026-01-16
744,Om Verma,person0744@example.invalid,+919000441838,145,web,owner@example.invalid,2026-01-17
745,Naina Nair,person0745@example.invalid,+919000728911,146,web,owner@example.invalid,2026-01-18
746,Ishaan Joshi,person0746@example.invalid,+919000408257,147,web,owner@example.invalid,2026-01-19
747,Omar Rao,person0747@example.invalid,+919000697888,148,referral,owner@example.invalid,2026-01-20
748,Nikhil Bose,person0748@example.invalid,+919000408783,149,web,owner@example.invalid,2026-01-21
749,Jaya Yadav,person0749@example.invalid,+919000591114,150,web,owner@example.invalid,2026-01-22
750,Harsh Singh,person0750@example.invalid,+919000658370,151,referral,owner@example.invalid,2026-01-23
751,Mohan Bose,person0751@example.invalid,+919000496813,152,referral,owner@example.invalid,2026-01-24
752,Yash Bose,person0752@example.invalid,+919000449758,153,referral,owner@example.invalid,2026-01-25
753,Rohan Chopra,person0753@example.invalid,+919000834994,154,referral,owner@example.invalid,2026-01-26
754,Priya Yadav,person0754@example.invalid,+919000464193,155,referral,owner@example.invalid,2026-01-27
755,Karan Das,person0755@example.invalid,+919000297935,156,referral,owner@example.invalid,2026-01-28
756,Gauri Das,person0756@example.invalid,+919000388400,157,referral,owner@example.invalid,2026-01-01
757,Rohan Rao,person0757@example.invalid,+919000735719,158,web,owner@example.invalid,2026-01-02
758,Mohan Joshi,person0758@example.invalid,+919000999152,159,referral,owner@example.invalid,2026-01-03
759,Nikhil Khan,person0759@example.invalid,+919000698729,160,web,owner@example.invalid,2026-01-04
760,Gauri Menon,person0760@example.invalid,+919000514971,161,web,owner@example.invalid,2026-01-05
761,Naina Chopra,person0761@example.invalid,+919000369552,162,referral,owner@example.invalid,2026-01-06
762,Riya Desai,person0762@example.invalid,+919000515527,163,referral,owner@example.invalid,2026-01-07
763,Gauri Patel,person0763@example.invalid,+919000669463,164,referral,owner@example.invalid,2026-01-08
764,Aarav Sharma,person0764@example.invalid,+919000395161,165,web,owner@example.invalid,2026-01-09
765,Harsh Bose,person0765@example.invalid,+919000815676,166,web,owner@example.invalid,2026-01-10
766,Tara Kaur,person0766@example.invalid,+919000193517,167,web,owner@example.invalid,2026-01-11
767,Arjun Kulkarni,person0767@example.invalid,+919000300510,168,referral,owner@example.invalid,2026-01-12
768,Anika Khan,person0768@example.invalid,+919000778331,169,web,owner@example.invalid,2026-01-13
769,Riya Iyer,person0769@example.invalid,+919000712844,170,web,owner@example.invalid,2026-01-14
770,Vivaan Menon,person0770@example.invalid,+919000224614,171,web,owner@example.invalid,2026-01-15
771,Arjun Bhatt,person0771@example.invalid,+919000517267,172,referral,owner@example.invalid,2026-01-16
772,Tara Kulkarni,person0772@example.invalid,+919000107508,173,web,owner@example.invalid,2026-01-17
773,Yash Mishra,person0773@example.invalid,+919000590213,174,referral,owner@example.invalid,2026-01-18
774,Sneha Das,person0774@example.invalid,+919000204340,175,referral,owner@example.invalid,2026-01-19
775,Omar Verma,person0775@example.invalid,+919000761495,176,referral,owner@example.invalid,2026-01-20
776,Sahil Pillai,person0776@example.invalid,+919000358663,177,web,owner@example.invalid,2026-01-21
777,Zara Desai,person0777@example.invalid,+919000130747,178,referral,owner@example.invalid,2026-01-22
778,Kavya Kulkarni,person0778@example.invalid,+919000553137,179,web,owner@example.invalid,2026-01-23
779,Lata Gupta,person0779@example.invalid,+919000756113,180,referral,owner@example.invalid,2026-01-24
780,Anaya Patel,person0780@example.invalid,+919000139734,181,referral,owner@example.invalid,2026-01-25
781,Riya Kaur,person0781@example.invalid,+919000574487,182,referral,owner@example.invalid,2026-01-26
782,Arjun Sharma,person0782@example.invalid,+919000873369,183,referral,owner@example.invalid,2026-01-27
783,Aditya Iyer,person0783@example.invalid,+919000739878,184,referral,owner@example.invalid,2026-01-28
784,Diya Agarwal,person0784@example.invalid,+919000927998,185,referral,owner@example.invalid,2026-01-01
785,Sahil Reddy,person0785@example.invalid,+919000454271,186,referral,owner@example.invalid,2026-01-02
786,Rohan Gupta,person0786@example.invalid,+919000668811,187,referral,owner@example.invalid,2026-01-03
787,Anika Verma,person0787@example.invalid,+919000317191,188,referral,owner@example.invalid,2026-01-04
788,Anaya Khan,person0788@example.invalid,+919000283892,189,referral,owner@example.invalid,2026-01-05
789,Simran Joshi,person0789@example.invalid,+919000695307,190,web,owner@example.invalid,2026-01-06
790,Rahul Chopra,person0790@example.invalid,+919000952769,191,referral,owner@example.invalid,2026-01-07
791,Varun Desai,person0791@example.invalid,+919000124019,192,referral,owner@example.invalid,2026-01-08
792,Kunal Iyer,person0792@example.invalid,+919000715374,193,referral,owner@example.invalid,2026-01-09
793,Lata Patel,person0793@example.invalid,+919000231271,194,referral,owner@example.invalid,2026-01-10
794,Sahil Reddy,person0794@example.invalid,+919000993101,195,referral,owner@example.invalid,2026-01-11
795,Aarav Singh,person0795@example.invalid,+919000166993,196,referral,owner@example.invalid,2026-01-12
796,Omar Singh,person0796@example.invalid,+919000456216,197,referral,owner@example.invalid,2026-01-13
797,Aisha Menon,person0797@example.invalid,+919000649940,198,web,owner@example.invalid,2026-01-14
798,Aarav Joshi,person0798@example.invalid,+919000767192,199,web,owner@example.invalid,2026-01-15
799,Aditya Bhatt,person0799@example.invalid,+919000624969,200,referral,owner@example.invalid,2026-01-16
800,Sahil Pillai,person0800@example.invalid,+919000312773,1,web,owner@example.invalid,2026-01-17
